"","Generation","Crosses","Treatment","Exposure","Sample","Sex","Sugar.Weight","Glucose","Trehalose","Glycogen","Fat.Weight","TAG","Fitness","X"
"1","F1","MnPc","NSD","Maternal",1,"male",2.66,5.485599373,11.68020583,19.51258395,2.51,35.45234096,NA,NA
"2","F1","MnPc","NSD","Maternal",2,"male",2.52,4.183037373,10.02409463,29.45628121,2.15,21.90806065,NA,NA
"3","F1","MnPc","NSD","Maternal",3,"male",2.56,8.244929652,12.06935423,21.54316359,2.74,29.41933792,NA,NA
"4","F1","MnPc","NSD","Maternal",4,"male",2.54,7.088986919,15.82626017,18.23602665,2.49,33.56680665,NA,NA
"5","F1","MnPc","NSD","Maternal",5,"male",2.41,6.423269627,8.82413999,15.99839556,2.63,28.55864748,NA,NA
"6","F1","MnPc","NSD","Maternal",6,"male",2.38,6.73273485,9.988628621,12.25145165,2.62,27.35098514,NA,NA
"7","F1","MnPc","NSD","Maternal",7,"male",2.5,7.436586023,12.12369771,19.1769355,2.62,35.415473,NA,NA
"8","F1","MnPc","NSD","Maternal",8,"male",2.72,8.979711608,11.54092629,15.33885675,2.59,35.84653463,NA,NA
"9","F1","MnPc","NSD","Maternal",9,"male",2.47,8.094284188,20.52975195,12.53692607,2.59,31.3280462,NA,NA
"10","F1","MnPc","NSD","Maternal",10,"male",2.64,5.755301901,8.079339067,7.502124098,2.51,24.75186455,NA,NA
"11","F1","MnPc","NSD","Maternal",11,"male",2.67,7.4511563,25.48427977,23.16666736,2.7,61.0910474,NA,NA
"12","F1","MnPc","NSD","Maternal",12,"male",2.71,7.104955849,20.95112225,24.28260647,2.39,43.43759195,NA,NA
"13","F1","MnPc","NSD","Maternal",13,"male",2.61,7.197807622,7.65182448,11.86317711,2.41,60.40033725,NA,NA
"14","F1","MnPc","NSD","Maternal",14,"male",2.57,6.413756357,14.08170908,10.89916881,2.44,72.41051712,NA,NA
"15","F1","MnPc","NSD","Maternal",15,"male",2.69,7.353193229,14.43935996,10.36222627,2.76,42.12108884,NA,NA
"16","F1","MnPc","NSD","Maternal",16,"male",2.43,7.903091939,12.16765459,12.83504212,2.56,47.54446026,NA,NA
"17","F1","MnPc","NSD","Maternal",17,"male",2.65,8.945430247,16.9632577,20.5799776,2.36,26.56485349,NA,NA
"18","F1","MnPc","NSD","Maternal",18,"male",2.51,8.605446081,17.5139569,10.35071221,2.58,56.14432376,NA,NA
"19","F1","MnPc","NSD","Maternal",19,"male",2.43,7.452333743,15.62332415,10.71687569,2.65,78.74848599,NA,NA
"20","F1","MnPc","NSD","Maternal",20,"male",2.56,15.30463961,22.42636655,19.43410684,2.57,28.50596682,NA,NA
"21","F1","MnPc","NSD","Maternal",21,"male",2.5,5.885850927,15.75286649,12.5688727,2.72,37.17977603,NA,NA
"22","F1","MnPc","NSD","Maternal",22,"male",2.65,6.975036047,18.56389404,11.51572564,2.7,57.86026458,NA,NA
"23","F1","MnPc","NSD","Maternal",23,"male",2.46,6.91224024,25.32338567,16.30045258,2.51,38.30204767,NA,NA
"24","F1","MnPc","NSD","Maternal",24,"male",2.65,5.66786984,33.63354453,21.35297616,2.51,35.9481392,NA,NA
"25","F1","McPn","NSD","Paternal",1,"male",2.56,6.682442823,12.67653544,23.49936466,2.68,76.95170207,NA,NA
"26","F1","McPn","NSD","Paternal",2,"male",2.69,5.253496818,13.14310057,26.48378275,2.73,43.86072325,NA,NA
"27","F1","McPn","NSD","Paternal",3,"male",2.43,7.581241689,18.06540519,20.52254149,2.62,75.904107,NA,NA
"28","F1","McPn","NSD","Paternal",4,"male",2.53,7.055798528,8.627751805,15.75522914,2.54,53.68483186,NA,NA
"29","F1","McPn","NSD","Paternal",5,"male",2.58,7.649533991,12.81202033,24.3516396,2.56,47.5642456,NA,NA
"30","F1","McPn","NSD","Paternal",6,"male",2.65,7.81899967,11.70629698,25.06311681,2.62,106.6189814,NA,NA
"31","F1","McPn","NSD","Paternal",7,"male",2.53,5.859375,13.98606231,22.71261358,2.61,55.63945339,NA,NA
"32","F1","McPn","NSD","Paternal",8,"male",2.61,4.577985659,6.625975116,18.80467365,2.82,50.80567815,NA,NA
"33","F1","McPn","NSD","Paternal",9,"male",2.67,6.006276709,11.85567941,20.04419943,2.6,61.9706665,NA,NA
"34","F1","McPn","NSD","Paternal",10,"male",2.66,6.333009685,10.63403215,20.02114378,2.56,69.06867495,NA,NA
"35","F1","McPn","NSD","Paternal",11,"male",2.62,7.209095528,12.76143919,15.74197439,2.66,50.50634411,NA,NA
"36","F1","McPn","NSD","Paternal",12,"male",2.52,5.39134771,11.28171608,16.2122321,2.54,53.59774911,NA,NA
"37","F1","McPn","NSD","Paternal",13,"male",2.41,9.495353911,7.462979422,9.378676513,2.65,14.20341785,NA,NA
"38","F1","McPn","NSD","Paternal",14,"male",2.63,8.404031233,13.7791432,26.27285106,2.57,81.89048212,NA,NA
"39","F1","McPn","NSD","Paternal",15,"male",2.52,8.503951065,14.51553818,15.76300018,2.68,63.68952935,NA,NA
"40","F1","McPn","NSD","Paternal",16,"male",2.64,11.21517829,7.635022107,22.70907902,2.77,51.45371162,NA,NA
"41","F1","McPn","NSD","Paternal",17,"male",2.45,9.682739784,21.75108375,15.66274617,2.68,61.96812972,NA,NA
"42","F1","McPn","NSD","Paternal",18,"male",2.53,9.638222524,10.5902721,16.75497312,2.56,67.67170905,NA,NA
"43","F1","McPn","NSD","Paternal",19,"male",2.47,9.057310971,21.49019247,17.63491623,2.71,53.49838778,NA,NA
"44","F1","McPn","NSD","Paternal",20,"male",2.6,7.056573893,30.49707418,22.3423319,2.7,103.8717434,NA,NA
"45","F1","McPn","NSD","Paternal",21,"male",2.53,8.928442593,22.45987851,24.17534336,2.39,88.1491216,NA,NA
"46","F1","McPn","NSD","Paternal",22,"male",2.5,7.563601201,25.18710501,17.77953194,2.35,54.69731637,NA,NA
"47","F1","McPn","NSD","Paternal",23,"male",2.59,10.11101873,16.28459623,25.08733409,2.6,58.6910871,NA,NA
"48","F1","McPn","NSD","Paternal",24,"male",2.65,13.2805191,21.03066233,23.60179953,2.67,28.79148345,NA,NA
"49","F1","MnPn","NSD","Both",1,"male",2.42,5.284801825,9.390517112,16.96242832,2.62,15.9856782,NA,NA
"50","F1","MnPn","NSD","Both",2,"male",2.66,4.151253224,8.619051472,16.54184096,2.61,22.01131122,NA,NA
"51","F1","MnPn","NSD","Both",3,"male",2.59,5.351047199,11.23543204,13.49299215,2.72,22.05722494,NA,NA
"52","F1","MnPn","NSD","Both",4,"male",2.52,4.206513337,4.543390139,10.33641939,2.77,35.19334334,NA,NA
"53","F1","MnPn","NSD","Both",5,"male",2.62,9.406962268,12.77954159,21.24104154,2.4,13.87162233,NA,NA
"54","F1","MnPn","NSD","Both",6,"male",2.44,5.442996575,101.4834148,9.441541936,2.42,18.7787262,NA,NA
"55","F1","MnPn","NSD","Both",7,"male",2.69,5.273087556,8.495939395,8.328441281,2.41,13.24822729,NA,NA
"56","F1","MnPn","NSD","Both",8,"male",2.73,7.476265823,11.24999473,8.204187068,2.51,13.18693133,NA,NA
"57","F1","MnPn","NSD","Both",9,"male",2.66,6.984296449,11.90923382,16.39764223,2.72,21.59204853,NA,NA
"58","F1","MnPn","NSD","Both",10,"male",2.61,7.497280322,13.35083299,13.60162644,2.4,12.05476974,NA,NA
"59","F1","MnPn","NSD","Both",11,"male",2.55,8.664385707,31.2103486,17.4432641,2.52,24.60002199,NA,NA
"60","F1","MnPn","NSD","Both",12,"male",2.7,10.55789046,5.690388548,8.143797161,2.54,23.86484369,NA,NA
"61","F1","MnPn","NSD","Both",13,"male",2.27,5.315803572,12.86278028,8.663710454,2.74,19.01547119,NA,NA
"62","F1","MnPn","NSD","Both",14,"male",2.81,5.651665443,14.06955667,10.84321658,2.76,20.51893125,NA,NA
"63","F1","MnPn","NSD","Both",15,"male",2.69,7.220776494,10.30040334,17.77289484,2.33,32.77407802,NA,NA
"64","F1","MnPn","NSD","Both",16,"male",2.59,5.428600972,17.97795412,12.65912249,2.58,30.04533934,NA,NA
"65","F1","MnPn","NSD","Both",17,"male",2.31,7.659818108,9.261458103,9.125035215,2.58,18.21713066,NA,NA
"66","F1","MnPn","NSD","Both",18,"male",2.5,7.557364276,10.79680239,10.81670019,2.78,32.7886845,NA,NA
"67","F1","MnPn","NSD","Both",19,"male",2.68,8.807565567,14.41363541,1.725733878,2.53,33.2336974,NA,NA
"68","F1","MnPn","NSD","Both",20,"male",2.63,6.33848189,18.19865579,12.30439899,2.41,15.36065378,NA,NA
"69","F1","MnPn","NSD","Both",21,"male",2.78,6.217510904,13.07973995,10.97831637,2.67,25.50366917,NA,NA
"70","F1","MnPn","NSD","Both",22,"male",2.93,4.132149164,18.00102077,10.38527423,2.52,15.82856071,NA,NA
"71","F1","MnPn","NSD","Both",23,"male",2.52,8.964072914,14.10888734,14.00017125,2.66,4.309031404,NA,NA
"72","F1","MnPn","NSD","Both",24,"male",2.85,6.143175005,21.80951597,5.81570108,2.65,21.09992288,NA,NA
"73","F1","McPc","CD","Both",1,"male",2.59,5.658341676,8.093985236,20.73420295,2.7,21.86370499,NA,NA
"74","F1","McPc","CD","Both",2,"male",2.67,7.882675439,15.4746356,22.00078166,2.6,24.77467519,NA,NA
"75","F1","McPc","CD","Both",3,"male",2.5,6.8603622,10.38639651,21.28782425,2.7,35.18690155,NA,NA
"76","F1","McPc","CD","Both",4,"male",2.48,6.486834923,10.36493569,12.18048646,2.37,17.31930872,NA,NA
"77","F1","McPc","CD","Both",5,"male",2.85,6.047240803,9.757816012,15.92889209,2.64,36.66291683,NA,NA
"78","F1","McPc","CD","Both",6,"male",2.4,6.865943049,15.64566171,20.8995666,2.33,29.73524619,NA,NA
"79","F1","McPc","CD","Both",7,"male",2.74,7.174752331,10.62427605,16.98386509,2.7,43.79887614,NA,NA
"80","F1","McPc","CD","Both",8,"male",2.66,12.42583473,3.281509225,10.58358308,2.57,24.80837704,NA,NA
"81","F1","McPc","CD","Both",9,"male",2.69,6.467681624,12.01934788,16.47313279,2.53,26.03972552,NA,NA
"82","F1","McPc","CD","Both",10,"male",2.61,5.625134989,8.88557685,12.16927825,2.93,36.4787233,NA,NA
"83","F1","McPc","CD","Both",11,"male",2.59,5.765276956,10.34590025,11.71964683,2.55,37.99138298,NA,NA
"84","F1","McPc","CD","Both",12,"male",2.65,7.699526495,11.57737896,21.8925055,2.78,30.90161128,NA,NA
"85","F1","McPc","CD","Both",13,"male",2.6,10.83834857,17.54872873,16.96866091,2.47,28.87718218,NA,NA
"86","F1","McPc","CD","Both",14,"male",2.56,8.272039779,29.09021917,24.47459392,2.5,17.07486001,NA,NA
"87","F1","McPc","CD","Both",15,"male",2.52,8.611827967,26.65997543,11.61448038,2.85,15.0810123,NA,NA
"88","F1","McPc","CD","Both",16,"male",2.51,7.272570804,24.13533982,15.04706568,2.49,22.42575088,NA,NA
"89","F1","McPc","CD","Both",17,"male",2.58,8.287807233,11.9205261,10.09557756,2.64,38.67144588,NA,NA
"90","F1","McPc","CD","Both",18,"male",2.59,9.549008225,11.55578975,8.273727806,2.68,15.7573175,NA,NA
"91","F1","McPc","CD","Both",19,"male",2.59,8.507393176,29.87740027,16.39052881,2.42,32.1448235,NA,NA
"92","F1","McPc","CD","Both",20,"male",2.55,9.915551018,18.32471538,18.88432303,2.59,34.71732487,NA,NA
"93","F1","McPc","CD","Both",21,"male",2.71,6.408168263,18.68174402,16.50677806,2.67,36.4453857,NA,NA
"94","F1","McPc","CD","Both",22,"male",2.69,7.327268028,19.19983771,6.006958721,2.6,25.78202954,NA,NA
"95","F1","McPc","CD","Both",23,"male",2.65,4.673473024,7.451526976,15.77526313,2.65,26.94973211,NA,NA
"96","F1","McPc","CD","Both",24,"male",2.69,7.344640196,23.29571068,32.30729136,2.34,26.51377494,NA,NA
"97","F1","MnPc","NSD","Maternal",1,"female",3.87,11.88393956,6.925440615,29.31367803,3.63,14.63299318,341,NA
"98","F1","MnPc","NSD","Maternal",2,"female",3.94,8.27655339,5.217136827,17.8959526,3.86,13.78889663,317,NA
"99","F1","MnPc","NSD","Maternal",3,"female",3.65,10.76838516,6.308376931,12.09482572,3.94,22.58492314,223,NA
"100","F1","MnPc","NSD","Maternal",4,"female",3.87,9.553750883,7.058736143,16.2459971,3.83,25.15077692,434,NA
"101","F1","MnPc","NSD","Maternal",5,"female",3.82,8.426323733,6.057021984,18.33783205,3.79,27.15059922,255,NA
"102","F1","MnPc","NSD","Maternal",6,"female",4.14,12.882886,6.269608954,21.88866628,3.83,22.54194062,485,NA
"103","F1","MnPc","NSD","Maternal",7,"female",3.84,11.20361499,6.902714315,26.85554807,3.6,26.56255708,206,NA
"104","F1","MnPc","NSD","Maternal",8,"female",3.63,8.850425667,12.73438487,15.1229811,3.73,24.63669797,334,NA
"105","F1","MnPc","NSD","Maternal",9,"female",3.63,9.232316181,5.924238243,14.0463333,3.72,27.39912724,527,NA
"106","F1","MnPc","NSD","Maternal",10,"female",3.54,9.801822795,11.27344602,11.22650427,4.23,19.36237799,377,NA
"107","F1","MnPc","NSD","Maternal",11,"female",3.9,10.35184531,5.640277559,24.12388812,3.84,29.39666088,280,NA
"108","F1","MnPc","NSD","Maternal",12,"female",3.73,8.974295542,3.99447268,13.7203487,3.91,25.82912364,527,NA
"109","F1","MnPc","NSD","Maternal",13,"female",3.89,8.607902079,9.833631838,18.25620495,3.6,14.1169487,403,NA
"110","F1","MnPc","NSD","Maternal",14,"female",3.64,1.783867033,5.553001853,8.431065094,3.81,22.57665309,505,NA
"111","F1","MnPc","NSD","Maternal",15,"female",3.79,6.504561746,11.79687223,10.23141145,3.78,54.16017363,460,NA
"112","F1","MnPc","NSD","Maternal",16,"female",3.83,6.396791865,10.25796905,20.24650879,3.8,46.33863302,251,NA
"113","F1","MnPc","NSD","Maternal",17,"female",4,7.52768595,10.0201403,8.828439698,3.77,17.21441777,276,NA
"114","F1","MnPc","NSD","Maternal",18,"female",3.91,7.560328023,13.02005421,10.85631155,3.84,25.64946731,597,NA
"115","F1","MnPc","NSD","Maternal",19,"female",3.96,9.562178799,11.01548953,11.90051392,3.61,15.85128106,170,NA
"116","F1","MnPc","NSD","Maternal",20,"female",3.78,6.399416677,11.33165548,11.61390146,3.66,49.65434437,341,NA
"117","F1","MnPc","NSD","Maternal",21,"female",4.01,9.028486421,12.88000422,18.29771679,3.87,32.20748901,231,NA
"118","F1","MnPc","NSD","Maternal",22,"female",3.54,3.656126482,8.952731996,9.459930751,3.87,19.62700366,183,NA
"119","F1","MnPc","NSD","Maternal",23,"female",3.63,9.946725678,11.80867345,14.88488636,3.56,36.17835008,411,NA
"120","F1","MnPc","NSD","Maternal",24,"female",3.66,5.734406439,14.08193777,22.42154701,3.45,39.71747906,329,NA
"121","F1","MnPc","NSD","Maternal",25,"female",NA,NA,NA,NA,NA,NA,405,NA
"122","F1","McPn","NSD","Paternal",1,"female",3.64,11.70475674,5.299852539,13.12154059,3.66,19.01553636,386,NA
"123","F1","McPn","NSD","Paternal",2,"female",3.39,5.955578962,17.32862628,17.14765225,3.93,21.30293854,371,NA
"124","F1","McPn","NSD","Paternal",3,"female",3.62,10.52613034,5.047766892,13.39895871,3.73,29.82431159,369,NA
"125","F1","McPn","NSD","Paternal",4,"female",3.61,8.660825102,3.454235061,8.643500854,3.97,21.4287408,262,NA
"126","F1","McPn","NSD","Paternal",5,"female",3.5,10.25337516,7.615900769,13.19553235,3.88,35.94021273,463,NA
"127","F1","McPn","NSD","Paternal",6,"female",3.76,8.372394867,5.6326645,16.09983689,3.35,25.12936797,454,NA
"128","F1","McPn","NSD","Paternal",7,"female",3.72,11.77851527,9.906157734,11.34453695,3.62,16.88780543,259,NA
"129","F1","McPn","NSD","Paternal",8,"female",3.76,10.50729659,3.392058368,10.69848508,3.89,38.59751155,280,NA
"130","F1","McPn","NSD","Paternal",9,"female",3.73,11.52202879,7.442549375,20.97441682,3.61,20.26208274,620,NA
"131","F1","McPn","NSD","Paternal",10,"female",3.74,10.87484381,7.896199958,23.64855475,3.45,20.97381322,337,NA
"132","F1","McPn","NSD","Paternal",11,"female",3.84,13.59794184,14.12631366,28.00265121,3.44,28.45273805,448,NA
"133","F1","McPn","NSD","Paternal",12,"female",4.02,10.57167635,5.645939321,18.99088318,3.65,32.44999952,244,NA
"134","F1","McPn","NSD","Paternal",13,"female",3.56,5.385922184,18.29355912,16.74493317,3.41,24.92117227,324,NA
"135","F1","McPn","NSD","Paternal",14,"female",3.79,5.493955122,15.36692793,25.85202437,3.72,18.33077774,185,NA
"136","F1","McPn","NSD","Paternal",15,"female",3.68,6.367580296,6.326997755,6.05704139,3.44,18.65566766,338,NA
"137","F1","McPn","NSD","Paternal",16,"female",3.82,10.03047977,10.85883399,22.19802702,3.7,16.10581627,265,NA
"138","F1","McPn","NSD","Paternal",17,"female",3.68,6.917340901,6.594888803,15.5676309,3.96,20.57857372,614,NA
"139","F1","McPn","NSD","Paternal",18,"female",3.26,8.712871287,4.873548383,10.90769893,3.94,19.19560544,524,NA
"140","F1","McPn","NSD","Paternal",19,"female",3.84,6.939846249,9.249268395,14.11028943,3.97,30.2614724,248,NA
"141","F1","McPn","NSD","Paternal",20,"female",3.69,5.89076459,9.699055091,14.35342134,3.72,25.23203272,204,NA
"142","F1","McPn","NSD","Paternal",21,"female",3.82,8.477467376,12.05822287,16.12030588,3.71,28.5023375,315,NA
"143","F1","McPn","NSD","Paternal",22,"female",3.58,7.167552454,11.72832642,16.36809848,3.79,20.82603495,449,NA
"144","F1","McPn","NSD","Paternal",23,"female",3.97,5.630615375,13.18394273,19.99927447,3.51,40.11171945,501,NA
"145","F1","McPn","NSD","Paternal",24,"female",3.85,7.396687074,10.71902521,17.96193506,3.87,38.43050008,340,NA
"146","F1","McPn","NSD","Paternal",25,"female",NA,NA,NA,NA,NA,NA,468,NA
"147","F1","MnPn","NSD","Both",1,"female",3.62,10.55624877,11.2197775,20.37322436,3.63,30.70875474,656,NA
"148","F1","MnPn","NSD","Both",2,"female",3.77,7.586238392,6.639725439,12.53570098,3.68,34.52735902,206,NA
"149","F1","MnPn","NSD","Both",3,"female",3.47,8.094105456,5.849879768,14.29983394,3.71,24.67996053,322,NA
"150","F1","MnPn","NSD","Both",4,"female",4.03,11.86313928,7.877517253,33.16043726,3.82,30.77944105,268,NA
"151","F1","MnPn","NSD","Both",5,"female",3.46,9.372567951,4.257305395,12.87057841,3.42,24.06147663,288,NA
"152","F1","MnPn","NSD","Both",6,"female",3.89,9.841102972,10.55624802,34.23538434,3.7,32.94226987,356,NA
"153","F1","MnPn","NSD","Both",7,"female",3.49,10.82088866,8.235147825,12.16146282,3.52,54.48101609,358,NA
"154","F1","MnPn","NSD","Both",8,"female",3.83,11.30417371,6.234382391,40.31826401,3.39,43.83733509,306,NA
"155","F1","MnPn","NSD","Both",9,"female",3.66,10.10297258,6.985615692,8.829211564,3.66,81.24804526,377,NA
"156","F1","MnPn","NSD","Both",10,"female",3.8,10.86964742,7.445770788,8.974701124,3.27,29.56576143,627,NA
"157","F1","MnPn","NSD","Both",11,"female",3.75,12.70309015,10.44694776,19.21896154,3.46,27.54392383,240,NA
"158","F1","MnPn","NSD","Both",12,"female",3.61,11.23201293,7.572001241,13.63568667,3.77,62.62888099,261,NA
"159","F1","MnPn","NSD","Both",13,"female",3.97,12.32032854,14.60361245,28.68599134,3.35,32.31406036,374,NA
"160","F1","MnPn","NSD","Both",14,"female",3.65,6.988618388,6.677436122,18.21599436,3.85,53.24292202,305,NA
"161","F1","MnPn","NSD","Both",15,"female",3.68,7.745044413,9.30578204,18.86474412,3.62,39.2109062,384,NA
"162","F1","MnPn","NSD","Both",16,"female",3.87,10.12820813,6.42323544,20.7067582,3.57,46.41748687,353,NA
"163","F1","MnPn","NSD","Both",17,"female",3.88,9.821311475,10.96574998,23.39671627,3.64,51.35428901,402,NA
"164","F1","MnPn","NSD","Both",18,"female",3.82,8.489490567,7.219153403,14.27846309,3.7,45.31339043,670,NA
"165","F1","MnPn","NSD","Both",19,"female",3.74,12.27180527,12.88372042,27.69079378,3.18,52.50752945,509,NA
"166","F1","MnPn","NSD","Both",20,"female",3.68,9.519038076,8.433245032,15.26316153,3.22,34.07555646,341,NA
"167","F1","MnPn","NSD","Both",21,"female",3.94,9.345356888,16.54454533,21.80618063,3.7,37.65401248,159,NA
"168","F1","MnPn","NSD","Both",22,"female",3.86,11.47812831,9.808517791,24.81502977,3.89,54.07000006,353,NA
"169","F1","MnPn","NSD","Both",23,"female",3.85,11.1332008,9.014893269,15.68860424,3.57,41.2954195,184,NA
"170","F1","MnPn","NSD","Both",24,"female",3.49,11.12224449,6.337608056,10.57373445,2.81,35.84213628,216,NA
"171","F1","MnPn","NSD","Both",25,"female",NA,NA,NA,NA,NA,NA,370,NA
"172","F1","McPc","CD","Both",1,"female",3.45,9.185838174,3.146097048,15.39290866,3.9,36.92227621,355,NA
"173","F1","McPc","CD","Both",2,"female",3.77,12.65604364,7.589009017,33.9988095,3.4,20.44184475,328,NA
"174","F1","McPc","CD","Both",3,"female",3.59,13.06812077,5.240907138,24.51029916,3.63,24.57739059,370,NA
"175","F1","McPc","CD","Both",4,"female",3.61,11.18718725,7.807400005,28.92540974,4.06,39.83819821,481,NA
"176","F1","McPc","CD","Both",5,"female",3.85,8.617498748,18.21620566,12.14877175,3.82,26.01099158,245,NA
"177","F1","McPc","CD","Both",6,"female",3.99,10.99636768,21.72721562,28.91642194,3.39,34.13972026,331,NA
"178","F1","McPc","CD","Both",7,"female",4.07,9.019204014,6.490155111,32.58585282,3.85,23.19415653,198,NA
"179","F1","McPc","CD","Both",8,"female",3.83,12.76853096,6.723670726,41.26372979,4.09,26.62059759,362,NA
"180","F1","McPc","CD","Both",9,"female",3.78,11.59716849,7.198662092,21.12970884,3.69,35.66345186,177,NA
"181","F1","McPc","CD","Both",10,"female",3.4,9.946423953,6.134805544,14.01441401,4.12,34.17990725,232,NA
"182","F1","McPc","CD","Both",11,"female",3.88,11.50332065,8.665975869,17.06931066,3.8,36.16819478,285,NA
"183","F1","McPc","CD","Both",12,"female",3.48,11.03351333,11.91028834,24.31421422,3.84,28.25942807,242,NA
"184","F1","McPc","CD","Both",13,"female",3.67,8.255811623,8.595120935,13.63885541,3.89,30.15817026,124,NA
"185","F1","McPc","CD","Both",14,"female",3.74,6.217018019,11.10032304,14.59395858,3.41,43.48420182,108,NA
"186","F1","McPc","CD","Both",15,"female",3.6,9.054761905,13.83103563,22.03761949,3.54,37.80900645,282,NA
"187","F1","McPc","CD","Both",16,"female",3.55,8.353864386,11.94384397,17.94555619,3.97,39.16019524,758,NA
"188","F1","McPc","CD","Both",17,"female",3.54,5.466205464,11.19892595,17.52743843,3.88,42.05578124,264,NA
"189","F1","McPc","CD","Both",18,"female",3.67,5.97519068,8.36771658,16.63704983,3.58,17.62343983,186,NA
"190","F1","McPc","CD","Both",19,"female",3.62,8.416833667,12.8544274,21.04388694,3.76,68.59770975,368,NA
"191","F1","McPc","CD","Both",20,"female",3.77,6.218473896,8.721332036,9.111469477,3.75,34.0294645,339,NA
"192","F1","McPc","CD","Both",21,"female",3.81,8.113590264,16.10275392,34.35034112,3.7,34.25357034,230,NA
"193","F1","McPc","CD","Both",22,"female",3.51,5.938123752,9.42758658,10.81917853,3.52,32.68272041,496,NA
"194","F1","McPc","CD","Both",23,"female",3.92,7.178628512,13.00113392,24.72224593,3.9,29.77995711,242,NA
"195","F1","McPc","CD","Both",24,"female",3.36,5.495244003,12.66566511,10.66418168,3.62,36.79941539,207,NA
"196","F1","McPc","CD","Both",25,"female",NA,NA,NA,NA,NA,NA,464,NA
"197","F2","MnPc","NSD","Maternal",1,"male",2.77,13.77214389,20.60559452,44.22131583,2.59,51.83992923,NA,NA
"198","F2","MnPc","NSD","Maternal",2,"male",2.68,12.18934537,15.14993396,33.88825268,2.61,26.6618716,NA,NA
"199","F2","MnPc","NSD","Maternal",3,"male",2.67,11.69316016,24.27559161,16.06194843,2.41,37.43005044,NA,NA
"200","F2","MnPc","NSD","Maternal",4,"male",2.54,12.14139216,32.85231964,22.7800562,2.49,19.27698407,NA,NA
"201","F2","MnPc","NSD","Maternal",5,"male",2.48,12.16584528,16.08973242,27.35665902,2.14,63.86887755,NA,NA
"202","F2","MnPc","NSD","Maternal",6,"male",2.7,10.27400085,38.47308896,14.84393709,2.54,43.43424319,NA,NA
"203","F2","MnPc","NSD","Maternal",7,"male",2.65,13.60751331,19.8710442,30.88473444,2.72,48.6237828,NA,NA
"204","F2","MnPc","NSD","Maternal",8,"male",2.57,7.712753716,20.83684881,22.67089213,2.26,39.76379347,NA,NA
"205","F2","MnPc","NSD","Maternal",9,"male",2.67,13.25906834,22.92948547,16.52267987,2.46,53.88556434,NA,NA
"206","F2","MnPc","NSD","Maternal",10,"male",2.44,6.72335305,9.28719392,17.68328913,2.82,27.33128863,NA,NA
"207","F2","MnPc","NSD","Maternal",11,"male",2.48,9.985254752,9.376807414,23.99171363,2.57,55.87229091,NA,NA
"208","F2","MnPc","NSD","Maternal",12,"male",2.66,11.08477737,18.78163635,17.60760177,2.39,43.18406085,NA,NA
"209","F2","MnPc","NSD","Maternal",13,"male",2.34,8.089974178,10.51062422,22.99056184,2.38,29.42610169,NA,NA
"210","F2","MnPc","NSD","Maternal",14,"male",2.58,12.24009169,17.86888024,35.84600988,2.52,97.5766618,NA,NA
"211","F2","MnPc","NSD","Maternal",15,"male",2.69,9.276944591,13.97848909,18.08008713,2.72,28.46950886,NA,NA
"212","F2","MnPc","NSD","Maternal",16,"male",2.5,7.397942815,14.68571438,25.47916603,2.27,45.96899419,NA,NA
"213","F2","MnPc","NSD","Maternal",17,"male",2.44,17.00805322,12.28878311,28.31644233,2.51,53.4330862,NA,NA
"214","F2","MnPc","NSD","Maternal",18,"male",2.62,9.921619922,17.01258109,34.18663641,2.29,23.09671653,NA,NA
"215","F2","MnPc","NSD","Maternal",19,"male",2.31,11.51175214,11.24881367,15.64842739,2.49,40.74861524,NA,NA
"216","F2","MnPc","NSD","Maternal",20,"male",2.64,8.575087697,13.96741046,33.99376101,2.46,44.42003758,NA,NA
"217","F2","MnPc","NSD","Maternal",21,"male",2.44,7.826024806,15.24027795,31.60986229,2.46,25.44363763,NA,NA
"218","F2","MnPc","NSD","Maternal",22,"male",2.54,8.767137618,14.51198298,37.73127873,2.68,45.36362699,NA,NA
"219","F2","MnPc","NSD","Maternal",23,"male",2.91,8.774824694,14.23019428,19.25566958,2.64,37.78299701,NA,NA
"220","F2","MnPc","NSD","Maternal",24,"male",2.63,9.458772921,12.08997945,18.59868916,2.54,25.395803,NA,NA
"221","F2","McPn","NSD","Paternal",1,"male",2.65,10.08804623,13.01593206,40.36078943,2.39,26.03372416,NA,NA
"222","F2","McPn","NSD","Paternal",2,"male",2.64,11.68536325,18.01745256,38.15496212,2.57,64.64538302,NA,NA
"223","F2","McPn","NSD","Paternal",3,"male",2.42,15.26668347,12.54788606,25.44058906,2.4,53.92105544,NA,NA
"224","F2","McPn","NSD","Paternal",4,"male",2.62,11.71331726,22.77954198,53.73464113,2.58,33.68394543,NA,NA
"225","F2","McPn","NSD","Paternal",5,"male",2.53,12.8874531,18.12093898,35.98812481,2.4,33.64019335,NA,NA
"226","F2","McPn","NSD","Paternal",6,"male",2.53,9.653494811,14.66805085,29.93682798,2.42,40.52525219,NA,NA
"227","F2","McPn","NSD","Paternal",7,"male",2.57,8.720983623,16.94611113,34.65579207,2.45,42.30894679,NA,NA
"228","F2","McPn","NSD","Paternal",8,"male",2.38,9.469659094,19.88692293,41.08531947,2.34,32.76059769,NA,NA
"229","F2","McPn","NSD","Paternal",9,"male",2.43,11.44720608,14.29357248,24.16669947,2.53,41.39044256,NA,NA
"230","F2","McPn","NSD","Paternal",10,"male",2.63,11.81709568,19.22425958,42.83733553,2.73,37.71119347,NA,NA
"231","F2","McPn","NSD","Paternal",11,"male",2.58,9.973751217,18.10794098,45.70524376,2.45,29.79849973,NA,NA
"232","F2","McPn","NSD","Paternal",12,"male",2.34,11.97533013,9.204430864,24.89410787,2.68,36.21180679,NA,NA
"233","F2","McPn","NSD","Paternal",13,"male",2.5,9.868168336,17.46481007,31.43971593,2.24,28.87810364,NA,NA
"234","F2","McPn","NSD","Paternal",14,"male",2.55,7.786819774,18.74242355,40.72528704,2.29,28.09212631,NA,NA
"235","F2","McPn","NSD","Paternal",15,"male",2.57,12.09468465,17.4308711,45.30514869,2.2,22.09861839,NA,NA
"236","F2","McPn","NSD","Paternal",16,"male",2.58,13.18610202,10.58315227,27.43658176,2.48,38.33273517,NA,NA
"237","F2","McPn","NSD","Paternal",17,"male",2.54,13.57589477,12.09733246,24.51255397,2.46,51.18846719,NA,NA
"238","F2","McPn","NSD","Paternal",18,"male",2.38,10.85266132,18.77177472,56.29707388,2.55,43.60020253,NA,NA
"239","F2","McPn","NSD","Paternal",19,"male",2.39,9.670998706,18.04393342,44.8110918,2.62,40.01434272,NA,NA
"240","F2","McPn","NSD","Paternal",20,"male",2.61,12.66493056,14.93181707,50.33667123,2.49,41.23706538,NA,NA
"241","F2","McPn","NSD","Paternal",21,"male",2.35,10.75088351,14.53678241,34.19170775,2.32,32.29347826,NA,NA
"242","F2","McPn","NSD","Paternal",22,"male",2.4,11.59577138,17.58592319,46.64332658,2.32,55.19554819,NA,NA
"243","F2","McPn","NSD","Paternal",23,"male",2.66,11.3615267,17.45589198,50.29641748,2.73,55.36216158,NA,NA
"244","F2","McPn","NSD","Paternal",24,"male",2.7,13.16652994,17.97009412,52.14548644,2.51,86.80568622,NA,NA
"245","F2","MnPn","NSD","Both",1,"male",2.6,6.249761944,21.29807219,34.03977057,2.44,26.18599744,NA,NA
"246","F2","MnPn","NSD","Both",2,"male",2.89,7.939532717,13.74448826,15.59483038,2.64,21.72946099,NA,NA
"247","F2","MnPn","NSD","Both",3,"male",2.6,12.61629892,19.45492402,37.40695993,2.56,63.63721364,NA,NA
"248","F2","MnPn","NSD","Both",4,"male",2.52,8.903245011,13.42284711,32.87340533,2.57,37.10963491,NA,NA
"249","F2","MnPn","NSD","Both",5,"male",2.52,13.1240328,34.40683139,20.15387049,2.62,80.61143696,NA,NA
"250","F2","MnPn","NSD","Both",6,"male",2.72,10.44052019,27.94403541,39.94374406,2.39,24.18921594,NA,NA
"251","F2","MnPn","NSD","Both",7,"male",2.56,11.22311948,20.27750224,27.81309546,2.19,12.34074651,NA,NA
"252","F2","MnPn","NSD","Both",8,"male",2.62,12.18542693,27.15810501,32.23159354,2.41,23.56244067,NA,NA
"253","F2","MnPn","NSD","Both",9,"male",2.51,8.794104454,26.42205876,38.5768615,2.32,26.45600546,NA,NA
"254","F2","MnPn","NSD","Both",10,"male",2.66,12.46270126,26.22367844,32.81680849,2.29,16.34964478,NA,NA
"255","F2","MnPn","NSD","Both",11,"male",2.77,9.53927718,27.39914296,18.4465376,2.57,22.94706365,NA,NA
"256","F2","MnPn","NSD","Both",12,"male",2.81,11.81691287,28.31499986,22.85623284,2.55,25.84479221,NA,NA
"257","F2","MnPn","NSD","Both",13,"male",2.54,9.702299794,10.61939168,32.30646922,2.48,35.32911808,NA,NA
"258","F2","MnPn","NSD","Both",14,"male",2.61,6.798175618,11.02991981,21.46989853,2.42,45.24060962,NA,NA
"259","F2","MnPn","NSD","Both",15,"male",2.59,7.513696646,19.47085972,13.76586605,2.7,28.03999468,NA,NA
"260","F2","MnPn","NSD","Both",16,"male",2.39,6.794835573,10.06545507,21.37741554,2.66,30.0060409,NA,NA
"261","F2","MnPn","NSD","Both",17,"male",2.53,11.20182013,14.67822152,23.00834739,2.37,19.34325241,NA,NA
"262","F2","MnPn","NSD","Both",18,"male",2.74,11.54096265,11.93449779,35.34727491,2.48,31.77934996,NA,NA
"263","F2","MnPn","NSD","Both",19,"male",2.4,8.911574139,18.46407545,36.33297998,2.43,53.11365417,NA,NA
"264","F2","MnPn","NSD","Both",20,"male",2.5,10.5713848,11.07486444,16.36855902,2.36,40.40545679,NA,NA
"265","F2","MnPn","NSD","Both",21,"male",2.65,9.428100514,8.352728259,8.896294562,2.67,70.68362015,NA,NA
"266","F2","MnPn","NSD","Both",22,"male",2.39,8.032409405,11.86467675,14.88772049,2.51,38.62456748,NA,NA
"267","F2","MnPn","NSD","Both",23,"male",2.47,10.07231405,14.07345678,24.5329042,2.77,25.98743662,NA,NA
"268","F2","MnPn","NSD","Both",24,"male",2.66,9.556580146,13.82002594,25.04379093,2.51,53.58964894,NA,NA
"269","F2","McPc","CD","Both",1,"male",2.45,7.905701754,9.969235964,17.27949791,2.26,20.91780469,NA,NA
"270","F2","McPc","CD","Both",2,"male",2.64,7.927725497,13.31517368,9.252001687,2.77,38.61262767,NA,NA
"271","F2","McPc","CD","Both",3,"male",2.63,8.670053842,13.86963149,16.79620349,2.51,27.20009741,NA,NA
"272","F2","McPc","CD","Both",4,"male",2.52,8.191971913,11.65387996,11.65369202,2.77,31.8341472,NA,NA
"273","F2","McPc","CD","Both",5,"male",2.63,9.149041938,15.85095806,19.98107299,2.79,55.06462132,NA,NA
"274","F2","McPc","CD","Both",6,"male",2.57,7.955539382,14.5912771,22.282457,2.56,30.37219429,NA,NA
"275","F2","McPc","CD","Both",7,"male",2.49,9.502383393,10.28387058,21.98538286,2.6,41.30229965,NA,NA
"276","F2","McPc","CD","Both",8,"male",2.53,7.180899746,9.650282233,13.91482397,2.55,36.80362777,NA,NA
"277","F2","McPc","CD","Both",9,"male",2.47,7.185574408,13.636726,11.55028605,2.59,25.35352785,NA,NA
"278","F2","McPc","CD","Both",10,"male",2.29,7.20526736,11.91543762,17.21310504,2.39,33.64636638,NA,NA
"279","F2","McPc","CD","Both",11,"male",2.59,6.859896905,10.12253264,14.78317877,2.92,33.11812555,NA,NA
"280","F2","McPc","CD","Both",12,"male",2.67,8.806113509,5.651402831,24.6295535,2.61,38.19067062,NA,NA
"281","F2","McPc","CD","Both",13,"male",2.46,7.490114322,9.197054231,14.90415369,2.58,30.78733568,NA,NA
"282","F2","McPc","CD","Both",14,"male",2.75,9.103692707,11.40912781,18.08068241,2.62,49.30005214,NA,NA
"283","F2","McPc","CD","Both",15,"male",2.36,5.994601089,8.104879999,13.73420518,2.48,63.51091288,NA,NA
"284","F2","McPc","CD","Both",16,"male",2.45,7.251976302,9.503046933,21.80593839,2.57,37.16331794,NA,NA
"285","F2","McPc","CD","Both",17,"male",2.86,5.255915524,8.753837385,12.47033742,2.44,36.82506128,NA,NA
"286","F2","McPc","CD","Both",18,"male",2.45,7.195922975,8.459922914,13.04152863,2.6,34.93709366,NA,NA
"287","F2","McPc","CD","Both",19,"male",2.48,10.24484264,10.32786235,18.50090934,2.71,33.91908968,NA,NA
"288","F2","McPc","CD","Both",20,"male",2.53,5.271907216,9.976319734,10.7502886,2.51,26.54286902,NA,NA
"289","F2","McPc","CD","Both",21,"male",2.55,8.081680907,11.54974069,17.50350635,2.31,41.09045072,NA,NA
"290","F2","McPc","CD","Both",22,"male",2.61,4.797041458,11.89980483,14.43259939,2.61,52.15159093,NA,NA
"291","F2","McPc","CD","Both",23,"male",2.7,7.418568988,7.940070162,22.34405702,2.63,26.44646112,NA,NA
"292","F2","McPc","CD","Both",24,"male",2.59,5.367811172,9.458811952,11.53620788,2.57,35.52758713,NA,NA
"293","F2","MnPc","NSD","Maternal",1,"female",3.7,8.785555505,6.908417554,23.75391477,3.76,28.4331758,389,NA
"294","F2","MnPc","NSD","Maternal",2,"female",3.81,8.102345416,16.07267426,29.33511255,3.44,29.76484622,319,NA
"295","F2","MnPc","NSD","Maternal",3,"female",3.7,9.942102572,14.07814699,15.49826852,3.35,18.00298262,532,NA
"296","F2","MnPc","NSD","Maternal",4,"female",3.54,9.653780428,11.16241692,18.98184665,3.69,25.04853487,704,NA
"297","F2","MnPc","NSD","Maternal",5,"female",3.86,7.245208041,9.314603082,16.5044824,3.52,22.64745056,412,NA
"298","F2","MnPc","NSD","Maternal",6,"female",3.57,8.057132831,13.8997909,28.12154992,3.51,22.27119127,656,NA
"299","F2","MnPc","NSD","Maternal",7,"female",3.65,9.008152174,10.86848608,22.61865289,4.01,29.93644357,278,NA
"300","F2","MnPc","NSD","Maternal",8,"female",3.47,9.42746429,11.17656353,28.80275346,3.69,18.4382852,220,NA
"301","F2","MnPc","NSD","Maternal",9,"female",3.71,5.937270726,5.534461616,5.924549473,3.53,26.21366124,384,NA
"302","F2","MnPc","NSD","Maternal",10,"female",3.94,6.744059516,10.22229637,19.16300041,3.64,28.81750472,438,NA
"303","F2","MnPc","NSD","Maternal",11,"female",3.74,6.043850349,15.39272218,17.56791165,3.41,33.89003561,269,NA
"304","F2","MnPc","NSD","Maternal",12,"female",3.88,10.30335355,6.339756488,9.021271186,4,42.7081743,465,NA
"305","F2","MnPc","NSD","Maternal",13,"female",3.77,11.27531983,6.355277186,23.30192443,3.46,33.85416959,450,NA
"306","F2","MnPc","NSD","Maternal",14,"female",3.9,10.12396694,8.447066367,38.58737326,3.63,38.9008655,323,NA
"307","F2","MnPc","NSD","Maternal",15,"female",3.76,11.99634814,10.47146628,32.89111202,3.44,32.92506831,477,NA
"308","F2","MnPc","NSD","Maternal",16,"female",3.75,8.664946065,9.907764174,21.64663041,3.62,22.81476892,528,NA
"309","F2","MnPc","NSD","Maternal",17,"female",4.15,9.408706691,8.554626321,20.62318281,3.34,31.09833084,720,NA
"310","F2","MnPc","NSD","Maternal",18,"female",3.91,7.52473003,11.32689146,24.40904312,3.55,24.86881297,417,NA
"311","F2","MnPc","NSD","Maternal",19,"female",3.77,8.748605547,8.910723233,22.69350511,3.69,20.92777563,498,NA
"312","F2","MnPc","NSD","Maternal",20,"female",3.92,7.275374197,13.11427403,27.34456784,3.66,39.42508269,450,NA
"313","F2","MnPc","NSD","Maternal",21,"female",3.63,8.298969072,6.651523261,25.02589768,3.58,29.75287579,566,NA
"314","F2","MnPc","NSD","Maternal",22,"female",3.62,7.399485385,9.421854156,22.83010645,3.58,23.70713694,155,NA
"315","F2","MnPc","NSD","Maternal",23,"female",3.59,10.6029106,8.618278561,22.85369807,3.73,34.64578502,573,NA
"316","F2","MnPc","NSD","Maternal",24,"female",3.38,10.06289308,9.882032046,16.09905513,3.34,31.87990976,575,NA
"317","F2","MnPc","NSD","Maternal",25,"female",NA,NA,NA,NA,NA,NA,515,NA
"318","F2","McPn","NSD","Paternal",1,"female",3.39,8.242255991,9.548050573,17.24941897,3.36,28.05007944,267,NA
"319","F2","McPn","NSD","Paternal",2,"female",3.83,7.416330519,12.13361074,16.73806816,3.37,14.53838306,781,NA
"320","F2","McPn","NSD","Paternal",3,"female",3.83,9.292261374,10.51452129,21.60049375,3.24,26.01777394,375,NA
"321","F2","McPn","NSD","Paternal",4,"female",3.9,9.401412336,11.76285818,23.10246506,3.62,27.15662576,292,NA
"322","F2","McPn","NSD","Paternal",5,"female",3.56,7.878679273,7.955934481,8.421774513,3.49,28.25505848,282,NA
"323","F2","McPn","NSD","Paternal",6,"female",3.7,6.387357972,10.5051522,9.401347038,3.57,32.1115068,479,NA
"324","F2","McPn","NSD","Paternal",7,"female",3.69,6.06440603,6.221399813,9.836073401,3.01,27.45984454,352,NA
"325","F2","McPn","NSD","Paternal",8,"female",3.62,10.02360691,5.724275725,14.94468652,3.53,31.62101934,636,NA
"326","F2","McPn","NSD","Paternal",9,"female",3.92,8.8794926,10.79899964,15.58883382,3.53,26.38201458,328,NA
"327","F2","McPn","NSD","Paternal",10,"female",3.98,6.626682666,10.75545318,9.744016557,3.49,26.87050255,498,NA
"328","F2","McPn","NSD","Paternal",11,"female",3.94,8.146925503,14.31907201,12.68487029,3.63,27.21594602,245,NA
"329","F2","McPn","NSD","Paternal",12,"female",4.04,8.037820992,11.74494444,11.33113963,3.27,28.4083466,702,NA
"330","F2","McPn","NSD","Paternal",13,"female",3.52,7.972706954,9.280302594,29.35950781,3.6,25.09936564,425,NA
"331","F2","McPn","NSD","Paternal",14,"female",3.91,7.730649627,9.735000045,17.68423596,3.25,15.94655094,434,NA
"332","F2","McPn","NSD","Paternal",15,"female",3.91,9.372231433,9.439067715,19.64878338,3.8,34.65885992,277,NA
"333","F2","McPn","NSD","Paternal",16,"female",3.75,5.696202532,11.81079731,26.95644696,3.33,22.76428244,237,NA
"334","F2","McPn","NSD","Paternal",17,"female",4.14,9.641890229,9.28595906,16.28794964,3.9,29.68279705,488,NA
"335","F2","McPn","NSD","Paternal",18,"female",4.09,9.251559252,12.39584844,23.20792158,3.39,16.34596261,528,NA
"336","F2","McPn","NSD","Paternal",19,"female",3.71,7.946690727,7.991399232,24.08564241,3.11,28.30911467,310,NA
"337","F2","McPn","NSD","Paternal",20,"female",3.84,6.090460468,6.691202314,22.28729689,3.64,23.73292183,205,NA
"338","F2","McPn","NSD","Paternal",21,"female",3.95,10.90351462,7.467191043,27.71287517,3.58,24.56709532,630,NA
"339","F2","McPn","NSD","Paternal",22,"female",4.02,7.845188285,12.06190008,22.90134813,3.84,27.13656175,117,NA
"340","F2","McPn","NSD","Paternal",23,"female",3.67,10.4208991,10.03527219,22.24216629,3.61,21.56129266,486,NA
"341","F2","McPn","NSD","Paternal",24,"female",3.92,7.898147829,8.546608181,15.3680859,3.6,33.13850192,283,NA
"342","F2","McPn","NSD","Paternal",25,"female",NA,NA,NA,NA,NA,NA,215,NA
"343","F2","MnPn","NSD","Both",1,"female",3.73,7.355030997,9.22864838,8.364970572,3.1,23.87498797,605,NA
"344","F2","MnPn","NSD","Both",2,"female",3.89,8.230452675,10.4541169,20.61545803,3.63,23.54480406,609,NA
"345","F2","MnPn","NSD","Both",3,"female",3.73,6.184486373,16.4727783,18.20445016,3.56,32.15204223,160,NA
"346","F2","MnPn","NSD","Both",4,"female",3.67,6.780647049,21.00005102,17.53460197,3.46,24.55695498,526,NA
"347","F2","MnPn","NSD","Both",5,"female",3.99,9.89010989,16.02250502,23.72774673,3.35,21.91083375,397,NA
"348","F2","MnPn","NSD","Both",6,"female",3.79,7.575349662,10.16648919,8.777748006,3.49,16.67951147,616,NA
"349","F2","MnPn","NSD","Both",7,"female",3.67,8.760059013,9.810148871,17.26588707,3.76,27.47886524,327,NA
"350","F2","MnPn","NSD","Both",8,"female",3.59,7.126824295,11.20487211,14.73977451,3.56,39.10383514,430,NA
"351","F2","MnPn","NSD","Both",9,"female",3.46,8.850970795,12.03720457,18.79876547,3.35,18.68737039,236,NA
"352","F2","MnPn","NSD","Both",10,"female",3.82,8.319445429,11.86045205,21.50111598,3.65,26.32483775,205,NA
"353","F2","MnPn","NSD","Both",11,"female",3.58,8.87337145,11.87227061,11.4995671,3.43,15.490961,401,NA
"354","F2","MnPn","NSD","Both",12,"female",3.93,9.065438871,11.28974537,22.92415301,3.16,24.19785401,358,NA
"355","F2","MnPn","NSD","Both",13,"female",3.68,8.066770186,10.81655318,26.73312016,3.61,25.41832293,452,NA
"356","F2","MnPn","NSD","Both",14,"female",3.74,7.792592884,10.51459831,28.39589395,3.75,28.3235382,374,NA
"357","F2","MnPn","NSD","Both",15,"female",3.77,9.002872207,8.50392655,22.27809616,3.52,27.27263672,363,NA
"358","F2","MnPn","NSD","Both",16,"female",3.43,6.288556947,9.075789563,26.22662524,3.54,24.16621869,521,NA
"359","F2","MnPn","NSD","Both",17,"female",3.68,10.23902144,10.46125051,24.79863988,3.49,26.71612363,725,NA
"360","F2","MnPn","NSD","Both",18,"female",4.06,8.894432773,10.17348521,23.28229684,3.47,25.69294686,305,NA
"361","F2","MnPn","NSD","Both",19,"female",3.5,10.01978886,13.12229074,25.86136967,3.46,27.18841207,652,NA
"362","F2","MnPn","NSD","Both",20,"female",3.73,8.262711864,9.658205858,26.83722735,3.35,22.31703887,316,NA
"363","F2","MnPn","NSD","Both",21,"female",3.76,8.958333333,5.440905732,12.45618434,3.58,20.38832459,292,NA
"364","F2","MnPn","NSD","Both",22,"female",3.44,7.476482618,9.500560501,18.04201252,3.61,21.27922534,650,NA
"365","F2","MnPn","NSD","Both",23,"female",3.62,11.70242521,10.25763101,27.34396654,3.73,12.67186874,276,NA
"366","F2","MnPn","NSD","Both",24,"female",3.74,9.072850599,9.518111321,23.74578361,3.49,19.68080929,229,NA
"367","F2","MnPn","NSD","Both",25,"female",NA,NA,NA,NA,NA,NA,445,NA
"368","F2","McPc","CD","Both",1,"female",4.02,8.704883227,11.54413749,20.62200157,3.37,18.99841852,532,NA
"369","F2","McPc","CD","Both",2,"female",3.79,14.1350211,17.32248653,56.15667933,3.65,19.08040824,513,NA
"370","F2","McPc","CD","Both",3,"female",3.85,13.11336025,16.55647913,33.53978625,3.59,22.10726693,618,NA
"371","F2","McPc","CD","Both",4,"female",3.55,12.50919936,13.82874879,36.5304512,3.65,20.21544138,493,NA
"372","F2","McPc","CD","Both",5,"female",3.73,10.46599062,6.168568392,19.05191626,3.68,22.62570606,137,NA
"373","F2","McPc","CD","Both",6,"female",3.72,9.914901731,11.43938195,26.64192585,3.64,20.81376437,461,NA
"374","F2","McPc","CD","Both",7,"female",3.83,12.165475,10.12769897,25.88355632,3.67,20.31027976,417,NA
"375","F2","McPc","CD","Both",8,"female",3.59,11.33564245,15.84406909,20.70592283,3.67,27.32769685,459,NA
"376","F2","McPc","CD","Both",9,"female",3.76,11.56862922,15.40535038,33.48463071,3.43,31.58709437,222,NA
"377","F2","McPc","CD","Both",10,"female",3.73,10.73588399,14.14343097,21.39086813,3.37,24.43752505,299,NA
"378","F2","McPc","CD","Both",11,"female",3.65,7.110350933,14.17874835,36.14897107,3.85,28.17063815,392,NA
"379","F2","McPc","CD","Both",12,"female",3.35,13.0746404,10.65741692,33.97550121,3.41,26.72415097,686,NA
"380","F2","McPc","CD","Both",13,"female",3.33,12.62037843,14.43085532,34.34995932,3.68,24.48412435,146,NA
"381","F2","McPc","CD","Both",14,"female",3.88,9.803678473,9.257705013,21.25747284,3.7,31.02166097,589,NA
"382","F2","McPc","CD","Both",15,"female",3.85,14.72230577,13.52005373,40.26999403,3.42,24.73746956,245,NA
"383","F2","McPc","CD","Both",16,"female",3.09,7.456499466,6.738214251,20.36255089,3.56,23.57703499,452,NA
"384","F2","McPc","CD","Both",17,"female",3.73,10.19334929,10.58152176,27.17909969,3.45,23.14591047,355,NA
"385","F2","McPc","CD","Both",18,"female",3.79,8.653473115,13.25745112,13.68640292,3.72,30.45768582,289,NA
"386","F2","McPc","CD","Both",19,"female",3.84,12.8733697,13.00421598,39.03629981,3.43,35.13833062,900,NA
"387","F2","McPc","CD","Both",20,"female",3.85,8.765996025,11.21816779,25.89436597,3.57,26.66059648,334,NA
"388","F2","McPc","CD","Both",21,"female",3.05,11.61409121,12.10531562,26.09804433,3.39,15.94248165,502,NA
"389","F2","McPc","CD","Both",22,"female",3.83,8.671087853,15.79913526,29.40661644,3.88,24.98941844,449,NA
"390","F2","McPc","CD","Both",23,"female",3.43,11.97279828,11.82895763,22.86687991,3.38,21.62208712,218,NA
"391","F2","McPc","CD","Both",24,"female",3.72,9.574779106,8.728591315,23.84410542,3.55,26.70939858,188,NA
"392","F2","McPc","CD","Both",25,"female",NA,NA,NA,NA,NA,NA,319,NA
"393","F3","MnPc","NSD","Maternal",1,"male",2.55,12.68137514,6.475479969,18.11423685,2.28,16.77679139,NA,NA
"394","F3","MnPc","NSD","Maternal",2,"male",2.18,11.71294231,8.635894896,19.37538696,2.77,15.5317997,NA,NA
"395","F3","MnPc","NSD","Maternal",3,"male",2.52,10.64853453,10.08215295,18.32186696,2.98,29.81811255,NA,NA
"396","F3","MnPc","NSD","Maternal",4,"male",2.64,8.336939415,8.426009284,20.96149269,2.69,25.11262087,NA,NA
"397","F3","MnPc","NSD","Maternal",5,"male",2.61,8.944533262,10.75150945,16.96608351,2.64,24.8301101,NA,NA
"398","F3","MnPc","NSD","Maternal",6,"male",2.54,7.443675209,11.04741253,17.19919157,2.89,35.04172904,NA,NA
"399","F3","MnPc","NSD","Maternal",7,"male",2.62,7.73502305,9.069178001,16.64758167,2.1,28.90535483,NA,NA
"400","F3","MnPc","NSD","Maternal",8,"male",2.45,6.081534192,8.646318007,13.90202049,2.5,21.20018533,NA,NA
"401","F3","MnPc","NSD","Maternal",9,"male",2.67,7.234083437,12.85895337,17.66471484,2.45,24.3928026,NA,NA
"402","F3","MnPc","NSD","Maternal",10,"male",2.34,5.813089746,11.01303634,13.76867638,2.54,20.4873231,NA,NA
"403","F3","MnPc","NSD","Maternal",11,"male",2.42,8.017022417,11.54974566,16.50236817,2.61,31.57042083,NA,NA
"404","F3","MnPc","NSD","Maternal",12,"male",2.37,6.195432755,11.80710247,8.148024802,2.57,23.17223118,NA,NA
"405","F3","MnPc","NSD","Maternal",13,"male",2.79,6.626634276,20.50881704,14.58430544,2.65,26.2409037,NA,NA
"406","F3","MnPc","NSD","Maternal",14,"male",2.74,7.503531323,17.20115958,14.58325801,2.36,21.10928839,NA,NA
"407","F3","MnPc","NSD","Maternal",15,"male",2.42,7.952486529,27.52582836,9.631391067,2.59,23.65292267,NA,NA
"408","F3","MnPc","NSD","Maternal",16,"male",2.14,7.212396522,19.60804355,11.25794654,2.94,23.65634358,NA,NA
"409","F3","MnPc","NSD","Maternal",17,"male",2.42,7.426956645,16.23490502,11.12285149,2.63,28.66075753,NA,NA
"410","F3","MnPc","NSD","Maternal",18,"male",2.34,6.648793028,14.44253824,11.12977072,2.5,28.52079074,NA,NA
"411","F3","MnPc","NSD","Maternal",19,"male",2.46,7.856739759,17.35395073,8.547889748,2.53,28.30520436,NA,NA
"412","F3","MnPc","NSD","Maternal",20,"male",2.55,6.608504989,17.5636506,7.764771137,2.27,25.45243421,NA,NA
"413","F3","MnPc","NSD","Maternal",21,"male",2.56,7.766165612,20.04345641,15.24154493,2.43,27.55775487,NA,NA
"414","F3","MnPc","NSD","Maternal",22,"male",2.42,7.262864311,17.25722935,9.06653501,2.42,23.81178935,NA,NA
"415","F3","MnPc","NSD","Maternal",23,"male",2.51,8.027265723,20.61743082,14.40829183,2.42,26.84401092,NA,NA
"416","F3","MnPc","NSD","Maternal",24,"male",2.73,8.4355334,17.72706375,15.51971183,2.52,20.52743254,NA,NA
"417","F3","MnPc","NSD","Maternal",25,"male",2.31,6.525403226,12.23264699,5.785202835,2.13,20.31981748,NA,NA
"418","F3","MnPc","NSD","Maternal",26,"male",2.59,7.171717172,17.13135905,19.34144174,2.53,26.30204395,NA,NA
"419","F3","MnPc","NSD","Maternal",27,"male",2.55,8.712705761,10.45405381,11.97927392,2.8,28.98268373,NA,NA
"420","F3","MnPc","NSD","Maternal",28,"male",2.44,7.520965626,13.79820582,16.13894347,2.32,12.18271273,NA,NA
"421","F3","MnPc","NSD","Maternal",29,"male",2.58,8.947108897,10.96276282,12.90843282,2.44,19.12832976,NA,NA
"422","F3","MnPc","NSD","Maternal",30,"male",2.75,9.108196721,11.9742424,15.79338469,2.82,17.59726195,NA,NA
"423","F3","McPn","NSD","Paternal",1,"male",2.33,7.272984194,12.84749532,23.19549943,2.38,18.28318727,NA,NA
"424","F3","McPn","NSD","Paternal",2,"male",2.46,7.400704475,6.734597442,14.18288065,2.45,29.32438696,NA,NA
"425","F3","McPn","NSD","Paternal",3,"male",2.55,7.420468732,10.23406382,13.20904443,2.57,26.6512232,NA,NA
"426","F3","McPn","NSD","Paternal",4,"male",2.45,6.369252538,10.97846536,14.33657144,2.75,21.59641778,NA,NA
"427","F3","McPn","NSD","Paternal",5,"male",2.52,8.37953629,10.17306989,16.34156761,2.48,20.78243714,NA,NA
"428","F3","McPn","NSD","Paternal",6,"male",2.66,8.301536412,10.76006187,9.709005765,2.49,23.32415077,NA,NA
"429","F3","McPn","NSD","Paternal",7,"male",2.7,4.555981363,12.03865643,6.608671821,2.38,26.87012161,NA,NA
"430","F3","McPn","NSD","Paternal",8,"male",2.64,5.618000107,8.947941058,19.80473979,2.63,8.390775027,NA,NA
"431","F3","McPn","NSD","Paternal",9,"male",2.54,8.670834998,11.1843241,27.18400931,2.42,21.82750632,NA,NA
"432","F3","McPn","NSD","Paternal",10,"male",2.44,7.848205993,6.843981265,10.59475106,2.62,23.98467983,NA,NA
"433","F3","McPn","NSD","Paternal",11,"male",2.95,8.068363294,9.039995099,24.82458097,2.71,23.58595191,NA,NA
"434","F3","McPn","NSD","Paternal",12,"male",2.68,6.283389395,15.40194988,22.97394413,2.51,19.13260962,NA,NA
"435","F3","McPn","NSD","Paternal",13,"male",2.51,7.979517522,23.56915848,23.5238339,2.59,13.54221501,NA,NA
"436","F3","McPn","NSD","Paternal",14,"male",2.52,7.601331026,16.49434761,10.74305431,2.7,12.37151932,NA,NA
"437","F3","McPn","NSD","Paternal",15,"male",2.39,9.550985098,25.35988078,14.95651959,3,44.22793601,NA,NA
"438","F3","McPn","NSD","Paternal",16,"male",2.55,6.822683299,15.89066336,12.83158768,2.36,33.83567758,NA,NA
"439","F3","McPn","NSD","Paternal",17,"male",2.63,7.907495316,20.16107484,7.252693787,2.32,18.93210535,NA,NA
"440","F3","McPn","NSD","Paternal",18,"male",2.82,8.943120118,17.16546431,7.812502208,2.39,32.39639583,NA,NA
"441","F3","McPn","NSD","Paternal",19,"male",2.62,6.49554922,19.03344225,8.360713747,2.73,19.37257426,NA,NA
"442","F3","McPn","NSD","Paternal",20,"male",2.54,6.754184561,16.66625538,12.2003622,2.33,13.06153648,NA,NA
"443","F3","McPn","NSD","Paternal",21,"male",2.71,8.291469794,19.61836309,9.125023027,2.55,20.0891053,NA,NA
"444","F3","McPn","NSD","Paternal",22,"male",2.47,6.6554342,16.26498235,12.68394064,2.65,30.47846193,NA,NA
"445","F3","McPn","NSD","Paternal",23,"male",2.38,9.073809339,17.30629819,14.42229804,2.53,28.91970413,NA,NA
"446","F3","McPn","NSD","Paternal",24,"male",2.53,8.170998595,17.02676315,10.79646872,2.59,31.25081506,NA,NA
"447","F3","McPn","NSD","Paternal",25,"male",2.52,5.242604382,10.79398373,13.09111945,2.46,25.67710298,NA,NA
"448","F3","McPn","NSD","Paternal",26,"male",2.65,8.984317024,13.08153219,12.44607727,2.53,23.01012811,NA,NA
"449","F3","McPn","NSD","Paternal",27,"male",2.35,10.00776441,6.146825307,10.12130213,2.35,45.18172156,NA,NA
"450","F3","McPn","NSD","Paternal",28,"male",2.55,5.89371362,15.82141834,13.82131644,2.48,40.50370973,NA,NA
"451","F3","McPn","NSD","Paternal",29,"male",2.45,6.163273802,11.80022121,9.649398375,2.62,24.09930576,NA,NA
"452","F3","McPn","NSD","Paternal",30,"male",2.36,6.254837264,9.565146019,7.30806448,2.66,44.1744144,NA,NA
"453","F3","MnPn","NSD","Both",1,"male",2.55,13.429394,6.59109619,0.680621143,2.51,20.5131405,NA,NA
"454","F3","MnPn","NSD","Both",2,"male",2.74,7.345679108,10.92387102,10.34570541,2.52,34.83971391,NA,NA
"455","F3","MnPn","NSD","Both",3,"male",2.66,8.779692231,9.729335131,13.81440425,2.48,25.32813948,NA,NA
"456","F3","MnPn","NSD","Both",4,"male",2.6,5.813260523,15.89958817,10.70163574,2.47,17.69049575,NA,NA
"457","F3","MnPn","NSD","Both",5,"male",2.48,7.546379536,11.16108509,12.72822468,2.43,18.12007828,NA,NA
"458","F3","MnPn","NSD","Both",6,"male",2.52,5.763718524,9.133536265,17.50060813,2.57,18.98343959,NA,NA
"459","F3","MnPn","NSD","Both",7,"male",2.55,8.357668417,10.7563274,15.92347508,2.42,28.97806145,NA,NA
"460","F3","MnPn","NSD","Both",8,"male",2.37,6.233493228,8.235066685,13.47335606,2.4,29.75906488,NA,NA
"461","F3","MnPn","NSD","Both",9,"male",2.64,6.894603934,12.37669473,15.33548717,2.58,25.78755832,NA,NA
"462","F3","MnPn","NSD","Both",10,"male",2.72,5.866894384,9.95285377,7.676805752,2.32,27.68092579,NA,NA
"463","F3","MnPn","NSD","Both",11,"male",2.34,7.821956055,9.334454327,14.05496108,2.51,33.54913245,NA,NA
"464","F3","MnPn","NSD","Both",12,"male",2.6,7.935691969,10.98081156,15.02406488,2.66,19.41728597,NA,NA
"465","F3","MnPn","NSD","Both",13,"male",2.75,7.270046436,19.88836572,18.81873214,2.93,35.09014317,NA,NA
"466","F3","MnPn","NSD","Both",14,"male",2.54,8.266793222,17.91413181,8.376554227,2.58,30.22924985,NA,NA
"467","F3","MnPn","NSD","Both",15,"male",2.51,8.38138943,23.10618724,6.631846322,2.58,15.65753032,NA,NA
"468","F3","MnPn","NSD","Both",16,"male",2.74,6.110320978,17.19206832,11.73110721,2.16,26.12396398,NA,NA
"469","F3","MnPn","NSD","Both",17,"male",2.33,8.486037614,19.2867909,4.42303502,2.47,21.26157561,NA,NA
"470","F3","MnPn","NSD","Both",18,"male",2.61,8.034429325,16.16500082,7.222201757,2.61,33.46030106,NA,NA
"471","F3","MnPn","NSD","Both",19,"male",2.42,7.743114333,19.61998199,13.04266995,2.51,37.88906892,NA,NA
"472","F3","MnPn","NSD","Both",20,"male",2.63,7.489985855,22.16179942,14.32698648,2.34,87.23852439,NA,NA
"473","F3","MnPn","NSD","Both",21,"male",2.56,7.68759666,22.81564532,16.90783007,2.33,11.22248637,NA,NA
"474","F3","MnPn","NSD","Both",22,"male",2.5,7.10355487,33.35008962,23.08395071,2.38,24.73660431,NA,NA
"475","F3","MnPn","NSD","Both",23,"male",2.74,8.539252465,20.07648678,18.12099015,2.28,10.90479409,NA,NA
"476","F3","MnPn","NSD","Both",24,"male",2.51,7.412670448,15.05185576,13.43718027,2.45,14.53084052,NA,NA
"477","F3","MnPn","NSD","Both",25,"male",2.35,6.490989508,8.814855777,7.469564688,2.55,17.58376873,NA,NA
"478","F3","MnPn","NSD","Both",26,"male",2.63,6.578538706,15.04897779,19.44480592,2.45,11.77942653,NA,NA
"479","F3","MnPn","NSD","Both",27,"male",2.47,8.367346939,9.040898411,9.517668412,2.49,14.92478229,NA,NA
"480","F3","MnPn","NSD","Both",28,"male",2.55,8.249496982,9.490752264,7.897817227,2.42,20.63562544,NA,NA
"481","F3","MnPn","NSD","Both",29,"male",2.4,8.452138493,11.17104384,13.80070431,2.51,21.56580026,NA,NA
"482","F3","MnPn","NSD","Both",30,"male",2.51,7.924796437,12.56063168,13.6407011,2.53,16.08546324,NA,NA
"483","F3","McPc","CD","Both",1,"male",2.13,7.149774604,14.9799553,9.711887751,2.57,30.50461377,NA,NA
"484","F3","McPc","CD","Both",2,"male",2.45,6.662277284,11.55145316,16.85977511,2.68,28.89314689,NA,NA
"485","F3","McPc","CD","Both",3,"male",2.46,6.093082207,12.71242653,14.57008586,2.43,16.62830378,NA,NA
"486","F3","McPc","CD","Both",4,"male",2.53,5.529844015,10.90204542,22.92833957,2.89,25.78687884,NA,NA
"487","F3","McPc","CD","Both",5,"male",2.55,5.94609595,11.57050417,19.20411602,2.47,22.38792259,NA,NA
"488","F3","McPc","CD","Both",6,"male",2.44,6.671650327,9.262950804,24.86751987,2.54,34.81228732,NA,NA
"489","F3","McPc","CD","Both",7,"male",2.51,7.172178427,10.53726327,12.90526417,2.62,30.84557537,NA,NA
"490","F3","McPc","CD","Both",8,"male",2.5,5.901713115,10.7006861,15.56282359,2.5,37.11495974,NA,NA
"491","F3","McPc","CD","Both",9,"male",2.43,7.67460913,8.293269776,17.11144631,2.59,33.67076561,NA,NA
"492","F3","McPc","CD","Both",10,"male",2.49,8.060945566,12.75517707,15.32361411,2.53,29.49617523,NA,NA
"493","F3","McPc","CD","Both",11,"male",2.56,6.932134439,13.77727336,15.48667674,2.56,17.18381353,NA,NA
"494","F3","McPc","CD","Both",12,"male",2.33,7.955386138,22.18616681,12.34581749,2.78,25.2060346,NA,NA
"495","F3","McPc","CD","Both",13,"male",2.25,7.876909578,13.01488967,5.350408183,2.62,25.81959382,NA,NA
"496","F3","McPc","CD","Both",14,"male",2.71,8.082540777,12.29336482,6.779172407,2.49,18.92423953,NA,NA
"497","F3","McPc","CD","Both",15,"male",2.59,8.329832807,30.66444448,12.3583315,2.57,16.09182112,NA,NA
"498","F3","McPc","CD","Both",16,"male",2.42,7.882413068,14.27188772,12.59320873,2.54,29.386311,NA,NA
"499","F3","McPc","CD","Both",17,"male",2.65,8.044395409,17.39699444,19.86627303,2.65,20.70730417,NA,NA
"500","F3","McPc","CD","Both",18,"male",2.59,6.956096741,14.67066919,24.0714058,2.64,30.41562783,NA,NA
"501","F3","McPc","CD","Both",19,"male",2.57,8.046960826,12.25216152,10.51737447,2.57,20.37141158,NA,NA
"502","F3","McPc","CD","Both",20,"male",2.38,7.598319034,8.906442548,15.47851857,2.5,14.78383143,NA,NA
"503","F3","McPc","CD","Both",21,"male",2.4,7.139950735,13.76654151,7.891131829,2.57,19.84783202,NA,NA
"504","F3","McPc","CD","Both",22,"male",2.41,7.498740807,10.96289761,10.90803314,2.48,31.33181323,NA,NA
"505","F3","McPc","CD","Both",23,"male",2.35,6.688604106,8.714873916,8.683209123,2.43,18.81480216,NA,NA
"506","F3","McPc","CD","Both",24,"male",2.52,7.787811078,16.58031958,7.180127457,2.59,12.25849501,NA,NA
"507","F3","McPc","CD","Both",25,"male",2.51,8.688724903,14.9799553,9.36973713,2.39,16.28100588,NA,NA
"508","F3","McPc","CD","Both",26,"male",2.6,7.627469374,11.55145316,5.691265883,2.8,24.47606414,NA,NA
"509","F3","McPc","CD","Both",27,"male",2.46,5.881989852,12.71242653,19.28414053,2.46,18.0380475,NA,NA
"510","F3","McPc","CD","Both",28,"male",2.44,6.997813278,10.90204542,17.71816085,2.31,6.663331712,NA,NA
"511","F3","McPc","CD","Both",29,"male",2.58,7.934346152,11.57050417,10.4411424,2.58,24.45463337,NA,NA
"512","F3","McPc","CD","Both",30,"male",2.68,10.14861991,9.262950804,19.60627183,2.51,13.99946143,NA,NA
"513","F3","MnPc","NSD","Maternal",1,"female",4.02,10.72650705,17.44691843,34.55070034,3.56,43.86518584,426,NA
"514","F3","MnPc","NSD","Maternal",2,"female",3.51,11.7982391,14.29072071,34.03914996,3.66,40.00601285,235,NA
"515","F3","MnPc","NSD","Maternal",3,"female",3.83,11.68751613,11.88930809,21.66634824,3.77,60.32869777,243,NA
"516","F3","MnPc","NSD","Maternal",4,"female",3.63,11.01577441,9.717510418,16.34667437,3.77,54.51778799,445,NA
"517","F3","MnPc","NSD","Maternal",5,"female",3.73,13.02059508,14.54074246,17.60596087,3.6,39.89998516,281,NA
"518","F3","MnPc","NSD","Maternal",6,"female",3.93,13.11595876,12.04224271,28.2524623,3.63,37.67077273,235,NA
"519","F3","MnPc","NSD","Maternal",7,"female",4.2,13.95628464,11.51936838,24.80735823,3.58,42.78642427,597,NA
"520","F3","MnPc","NSD","Maternal",8,"female",3.38,8.894404161,12.51589241,18.80946837,3.56,38.34433123,106,NA
"521","F3","MnPc","NSD","Maternal",9,"female",3.3,10.11772081,16.58478815,23.39155998,3.43,18.97581492,353,NA
"522","F3","MnPc","NSD","Maternal",10,"female",3.91,12.15696348,14.0415308,27.54680999,3.68,28.53543448,235,NA
"523","F3","MnPc","NSD","Maternal",11,"female",3.3,14.90255752,14.40986343,18.2501022,3.67,18.9088526,174,NA
"524","F3","MnPc","NSD","Maternal",12,"female",3.67,12.38670073,11.10749577,15.91638137,3.48,13.49319212,571,NA
"525","F3","MnPc","NSD","Maternal",13,"female",3.65,8.666244369,13.70741366,23.62868623,3.69,35.73803639,300,NA
"526","F3","MnPc","NSD","Maternal",14,"female",4.15,9.164822325,11.62683528,19.36347956,3.68,38.47070041,207,NA
"527","F3","MnPc","NSD","Maternal",15,"female",3.89,12.69829612,13.7325031,25.81241636,3.69,24.79382763,325,NA
"528","F3","MnPc","NSD","Maternal",16,"female",4.17,11.95988233,14.10056414,35.99449786,3.66,22.4872024,341,NA
"529","F3","MnPc","NSD","Maternal",17,"female",3.7,10.73783578,8.830011909,22.56843739,3.82,31.62290472,268,NA
"530","F3","MnPc","NSD","Maternal",18,"female",3.83,10.16454025,11.54842271,19.7921572,3.34,22.18460042,280,NA
"531","F3","MnPc","NSD","Maternal",19,"female",3.7,11.90093982,12.08347301,21.52717142,3.46,26.29082305,165,NA
"532","F3","MnPc","NSD","Maternal",20,"female",4.01,10.03141914,9.041395115,22.18247606,3.47,22.35957476,212,NA
"533","F3","MnPc","NSD","Maternal",21,"female",3.44,7.871421284,7.265454722,16.05723199,3.64,37.05796522,521,NA
"534","F3","MnPc","NSD","Maternal",22,"female",3.65,8.413655053,12.28530339,25.81647361,3.45,23.04332462,237,NA
"535","F3","MnPc","NSD","Maternal",23,"female",3.95,11.51536121,13.66623515,23.75754446,3.68,30.15994262,172,NA
"536","F3","MnPc","NSD","Maternal",24,"female",3.45,9.944227188,14.30684895,25.23097497,3.47,18.9464903,334,NA
"537","F3","MnPc","NSD","Maternal",25,"female",3.83,10.86617345,18.98342714,17.68215569,3.55,19.51886465,222,NA
"538","F3","MnPc","NSD","Maternal",26,"female",3.57,11.12888349,16.36941964,31.29721191,3.86,31.07778872,NA,NA
"539","F3","MnPc","NSD","Maternal",27,"female",3.55,10.86959273,10.84039726,24.9065648,3.77,20.53639171,NA,NA
"540","F3","MnPc","NSD","Maternal",28,"female",3.61,13.20564516,18.09228396,31.3506461,3.52,32.14329203,NA,NA
"541","F3","MnPc","NSD","Maternal",29,"female",3.81,11.03280518,21.38060113,21.75370074,3.72,17.66428987,NA,NA
"542","F3","MnPc","NSD","Maternal",30,"female",3.76,11.63945712,13.25241171,18.13948391,3.79,40.64085438,NA,NA
"543","F3","McPn","NSD","Paternal",1,"female",3.73,12.23544259,14.02943641,29.31700887,3.79,52.96881186,256,NA
"544","F3","McPn","NSD","Paternal",2,"female",3.75,10.18666775,12.2543399,43.86191524,3.74,38.48532835,517,NA
"545","F3","McPn","NSD","Paternal",3,"female",3.54,11.18764638,12.10544918,25.75048871,3.81,50.19413139,289,NA
"546","F3","McPn","NSD","Paternal",4,"female",3.74,12.28633075,14.75109616,29.30912897,3.71,31.91053588,252,NA
"547","F3","McPn","NSD","Paternal",5,"female",3.58,10.1388199,11.77505872,15.01445042,3.52,29.56720138,206,NA
"548","F3","McPn","NSD","Paternal",6,"female",3.55,13.86696734,24.73144048,23.78504408,3.41,28.15996903,194,NA
"549","F3","McPn","NSD","Paternal",7,"female",4.07,14.15777143,23.29511746,30.94367394,3.65,38.38479541,414,NA
"550","F3","McPn","NSD","Paternal",8,"female",3.88,10.53377962,11.81159179,30.67420676,3.64,42.54375295,442,NA
"551","F3","McPn","NSD","Paternal",9,"female",3.81,14.34608483,11.07758927,14.50660579,3.72,50.4123258,250,NA
"552","F3","McPn","NSD","Paternal",10,"female",3.78,11.59453988,17.53553414,17.80839484,3.53,52.08203595,379,NA
"553","F3","McPn","NSD","Paternal",11,"female",4.06,13.6053941,17.28339947,26.0666188,3.3,36.29850363,278,NA
"554","F3","McPn","NSD","Paternal",12,"female",3.78,10.16687601,7.771819802,22.65832724,3.67,46.64475129,403,NA
"555","F3","McPn","NSD","Paternal",13,"female",3.97,8.63864714,15.88952936,22.5300256,4.06,39.82549538,271,NA
"556","F3","McPn","NSD","Paternal",14,"female",4.27,8.755430188,18.45168746,41.41697693,3.65,38.63275201,348,NA
"557","F3","McPn","NSD","Paternal",15,"female",3.83,10.81186224,12.76315345,32.76497363,3.6,37.97560192,182,NA
"558","F3","McPn","NSD","Paternal",16,"female",3.84,8.059180083,10.88059012,19.15637166,3.35,40.62276958,737,NA
"559","F3","McPn","NSD","Paternal",17,"female",3.75,11.60030679,12.2306708,23.97736878,3.02,31.96600594,321,NA
"560","F3","McPn","NSD","Paternal",18,"female",4.23,9.314331198,9.857001525,13.09132918,3.38,26.50308679,250,NA
"561","F3","McPn","NSD","Paternal",19,"female",3.48,9.601267406,13.89889585,23.44487145,3.79,49.95350215,375,NA
"562","F3","McPn","NSD","Paternal",20,"female",3.94,10.57136083,18.6782555,43.29793093,3.67,43.44106833,110,NA
"563","F3","McPn","NSD","Paternal",21,"female",3.67,8.947307962,7.712062812,20.36844986,3.51,37.24861225,285,NA
"564","F3","McPn","NSD","Paternal",22,"female",3.79,9.909800548,13.29211999,18.9202217,3.55,27.92786837,222,NA
"565","F3","McPn","NSD","Paternal",23,"female",3.69,11.19249972,16.75380432,32.1329156,3.25,21.2955516,206,NA
"566","F3","McPn","NSD","Paternal",24,"female",3.76,8.081153125,14.49583779,28.04656342,3.69,41.72722888,518,NA
"567","F3","McPn","NSD","Paternal",25,"female",3.96,8.054938483,23.22750514,15.35354651,3.07,12.65965164,250,NA
"568","F3","McPn","NSD","Paternal",26,"female",3.46,9.672536044,24.28114845,18.34640939,3.54,19.00990252,NA,NA
"569","F3","McPn","NSD","Paternal",27,"female",3.82,8.20419009,20.64310924,16.89043648,3.37,26.33012795,NA,NA
"570","F3","McPn","NSD","Paternal",28,"female",3.54,8.531504065,12.13882818,16.5999201,3.4,15.46328918,NA,NA
"571","F3","McPn","NSD","Paternal",29,"female",3.69,8.046905363,17.58188449,16.14032586,3.63,35.46892896,NA,NA
"572","F3","McPn","NSD","Paternal",30,"female",3.44,9.817745317,15.89098456,15.84776898,3.17,50.73132361,NA,NA
"573","F3","MnPn","NSD","Both",1,"female",3.84,9.110046878,10.25843278,18.97415986,3.58,6.885796022,127,NA
"574","F3","MnPn","NSD","Both",2,"female",3.83,8.144606558,10.63006562,12.70342475,3.6,14.57866277,302,NA
"575","F3","MnPn","NSD","Both",3,"female",3.66,11.33412538,12.9646991,28.70587045,3.76,37.37992809,410,NA
"576","F3","MnPn","NSD","Both",4,"female",3.56,9.049435541,14.71940214,23.09783356,3.42,33.26075472,195,NA
"577","F3","MnPn","NSD","Both",5,"female",3.84,13.71264045,22.47353825,14.19335969,3.57,15.72553919,391,NA
"578","F3","MnPn","NSD","Both",6,"female",3.83,12.86882181,37.92725154,23.23020368,4.27,14.75625458,268,NA
"579","F3","MnPn","NSD","Both",7,"female",3.79,13.65042596,14.24973568,30.75796356,3.75,32.81929416,308,NA
"580","F3","MnPn","NSD","Both",8,"female",3.87,11.63038161,11.54217922,15.30987582,3.02,15.05440506,172,NA
"581","F3","MnPn","NSD","Both",9,"female",3.99,13.32129844,14.60821246,24.90719054,3.28,37.60465754,199,NA
"582","F3","MnPn","NSD","Both",10,"female",3.69,8.785769484,11.4606285,8.729930655,3.36,22.11518548,606,NA
"583","F3","MnPn","NSD","Both",11,"female",3.53,9.370623051,4.936487642,9.002238114,3.51,30.46546991,434,NA
"584","F3","MnPn","NSD","Both",12,"female",3.61,12.9542569,11.0269743,26.36760544,3.52,37.99939232,237,NA
"585","F3","MnPn","NSD","Both",13,"female",3.59,10.64052181,14.31962608,21.05131211,3.4,37.55006077,206,NA
"586","F3","MnPn","NSD","Both",14,"female",3.7,9.881227783,15.93117589,18.08930083,3.67,47.01224852,197,NA
"587","F3","MnPn","NSD","Both",15,"female",3.69,6.44596731,7.339020889,12.43443477,3.5,58.26898774,187,NA
"588","F3","MnPn","NSD","Both",16,"female",3.71,10.71989603,21.24628816,33.85930778,3.59,49.10737735,222,NA
"589","F3","MnPn","NSD","Both",17,"female",3.66,11.17244533,19.08196914,25.62907191,3.58,45.30853738,758,NA
"590","F3","MnPn","NSD","Both",18,"female",3.34,7.962906193,11.36101484,4.383138449,3.75,45.38755576,270,NA
"591","F3","MnPn","NSD","Both",19,"female",3.36,10.20336761,18.54737059,26.48480246,3.67,37.97661367,418,NA
"592","F3","MnPn","NSD","Both",20,"female",3.87,10.7910106,21.24145733,36.71064884,3.7,36.8196845,220,NA
"593","F3","MnPn","NSD","Both",21,"female",3.63,8.884488109,13.15727478,13.42129084,3.66,46.47453399,284,NA
"594","F3","MnPn","NSD","Both",22,"female",3.7,8.442000704,14.50363076,20.0662605,3.45,55.8411886,210,NA
"595","F3","MnPn","NSD","Both",23,"female",3.65,11.09708106,16.15802817,21.29372171,3.73,44.50395277,295,NA
"596","F3","MnPn","NSD","Both",24,"female",3.91,9.87576921,13.99166592,27.0246582,3.51,56.35789301,183,NA
"597","F3","MnPn","NSD","Both",25,"female",3.54,7.398951316,14.05266915,8.983787306,3.71,56.05602615,256,NA
"598","F3","MnPn","NSD","Both",26,"female",3.35,9.850742623,17.94178519,14.08516413,3.64,17.50304531,NA,NA
"599","F3","MnPn","NSD","Both",27,"female",3.14,9.780823066,17.03149991,23.75170602,3.5,31.75835461,NA,NA
"600","F3","MnPn","NSD","Both",28,"female",3.51,8.988708886,15.38058908,6.266660277,3.74,20.35500573,NA,NA
"601","F3","MnPn","NSD","Both",29,"female",3.67,7.628781481,9.131188882,12.38263739,3.71,28.26791376,NA,NA
"602","F3","MnPn","NSD","Both",30,"female",3.61,10.81417042,17.51817813,8.145722629,3.43,15.24459335,NA,NA
"603","F3","McPc","CD","Both",1,"female",3.72,10.69929549,11.18451816,19.28623098,3.34,32.41773611,484,NA
"604","F3","McPc","CD","Both",2,"female",2.88,7.681937539,18.54177983,13.63245378,3.68,40.59876273,234,NA
"605","F3","McPc","CD","Both",3,"female",4.24,9.962696057,13.24742707,15.65596649,3.37,41.65997212,203,NA
"606","F3","McPc","CD","Both",4,"female",3.71,10.76471074,16.99431158,12.15604488,3.83,32.45093224,246,NA
"607","F3","McPc","CD","Both",5,"female",3.46,11.89843196,16.9776733,23.7253003,3.67,40.59097497,293,NA
"608","F3","McPc","CD","Both",6,"female",3.87,14.07852914,14.27499977,34.83655508,3.51,33.51455605,239,NA
"609","F3","McPc","CD","Both",7,"female",3.33,14.53981276,26.4914972,36.73227851,3.67,30.17900157,288,NA
"610","F3","McPc","CD","Both",8,"female",3.5,11.49245372,14.67642534,17.81143129,3.95,59.66306967,381,NA
"611","F3","McPc","CD","Both",9,"female",2.7,11.64448984,14.47907048,19.75794918,3.84,34.37280518,404,NA
"612","F3","McPc","CD","Both",10,"female",4,10.82632033,17.75937939,21.25849293,3.75,32.47043515,196,NA
"613","F3","McPc","CD","Both",11,"female",3.69,11.52696012,9.251454446,22.52236498,3.72,28.48715646,211,NA
"614","F3","McPc","CD","Both",12,"female",3.83,11.58062332,9.766866529,14.91562644,3.49,24.79924152,171,NA
"615","F3","McPc","CD","Both",13,"female",3.82,11.91210621,10.59790224,26.31888619,3.59,30.58234369,193,NA
"616","F3","McPc","CD","Both",14,"female",3.99,13.14388434,18.15834738,39.79638614,3.8,29.98305711,225,NA
"617","F3","McPc","CD","Both",15,"female",3.6,9.887743963,14.10912806,19.25414795,3.76,37.48760637,350,NA
"618","F3","McPc","CD","Both",16,"female",3.68,10.66092536,14.83375694,29.47920708,3.38,30.57021456,652,NA
"619","F3","McPc","CD","Both",17,"female",3.66,10.77778351,17.46134879,37.04087323,3.66,39.27501756,402,NA
"620","F3","McPc","CD","Both",18,"female",3.65,9.439803167,18.52241347,9.125851589,3.68,41.1570401,371,NA
"621","F3","McPc","CD","Both",19,"female",3.72,13.50228914,15.43468817,29.69629237,3.53,32.06504167,454,NA
"622","F3","McPc","CD","Both",20,"female",3.95,8.406152456,8.626121225,16.08284125,3.82,42.0212369,237,NA
"623","F3","McPc","CD","Both",21,"female",3.82,13.37952096,11.86523547,37.80623211,4.1,51.78471618,438,NA
"624","F3","McPc","CD","Both",22,"female",3.68,10.54530741,17.74252299,42.09198951,3.51,43.63153879,462,NA
"625","F3","McPc","CD","Both",23,"female",3.68,10.06959214,11.327263,27.72470516,3.46,43.85295173,330,NA
"626","F3","McPc","CD","Both",24,"female",3.77,12.62416486,11.23094812,50.66798839,3.22,23.53602285,385,NA
"627","F3","McPc","CD","Both",25,"female",3.76,11.03430928,17.70334871,24.4014742,3.49,32.63865573,328,NA
"628","F3","McPc","CD","Both",26,"female",3.72,9.162656283,14.94014244,21.74474788,3.93,42.62151904,NA,NA
"629","F3","McPc","CD","Both",27,"female",3.84,10.74598861,19.09768862,32.41123989,3.64,32.86397753,NA,NA
"630","F3","McPc","CD","Both",28,"female",3.86,9.155863165,16.64817966,16.90968249,4.04,39.04071841,NA,NA
"631","F3","McPc","CD","Both",29,"female",3.43,8.966989482,12.91413708,11.6896573,3.63,26.88733127,NA,NA
"632","F3","McPc","CD","Both",30,"female",3.48,9.764780421,13.98913437,17.17704655,3.1,36.32356226,NA,NA
