"","contrast","estimate","std.error","statistic","p.value","generation","metabolite","sex","exposure","pAdj","results","pAdjALL","SignifAll"
"1","CrossesMnPn",8.93540567748976,3.77665289478491,2.36595893941656,0.0190290141824429,"F1","TAG","female","Both",0.104659578003436," ",0.114174085094657," "
"2","CrossesMnPc",-6.76516855053127,3.61430444715404,-1.8717760635406,0.0628332253730523,"F1","TAG","female","Maternal",0.242128591300761," ",0.250852965003971," "
"3","CrossesMcPn",-8.11155715314756,3.62265184062364,-2.23912137020353,0.0263523712113776,"F1","TAG","female","Paternal",0.137309723680336," ",0.153013768324128," "
"4","CrossesMnPn",0.0583719465787337,3.23179046275435,0.0180617980192272,0.985609230879211,"F2","TAG","female","Both",0.997854907033459," ",0.999818594883818," "
"5","CrossesMnPc",3.96597358740607,3.21598430651072,1.23320676017511,0.21908034739543,"F2","TAG","female","Maternal",0.493882759772595," ",0.572617692489965," "
"6","CrossesMcPn",2.37243252092352,3.23979776058372,0.732277968022323,0.464935738207,"F2","TAG","female","Paternal",0.667921066130077," ",0.763825774088633," "
"7","CrossesMnPn",-1.28992669144404,2.6658797505372,-0.483865294818382,0.628939850580512,"F3","TAG","female","Both",0.808636950746372," ",0.920399781337334," "
"8","CrossesMnPc",-4.96253639368805,2.65960617764749,-1.86589143738475,0.0633240262500033,"F3","TAG","female","Maternal",0.242128591300761," ",0.250852965003971," "
"9","CrossesMcPn",1.50788861354212,2.68354270812523,0.561902223123388,0.574727425739131,"F3","TAG","female","Paternal",0.754091043131303," ",0.861170838136425," "
"10","CrossesMnPn",-1.64324712433176,1.92013693307563,-0.855796842415633,0.393229291443087,"F1","Glycogen","female","Both",0.648516023433948," ",0.745066025892164," "
"11","CrossesMnPc",-7.93289910173013,1.94924351017149,-4.06973221166822,6.99347162370942e-05,"F1","Glycogen","female","Maternal",0.00230784563582411,"**",0.00157353111533462,"**"
"12","CrossesMcPn",-5.58731641059952,1.91158348609,-2.92287334100586,0.0039058511336028,"F1","Glycogen","female","Paternal",0.0351526602024252,"*",0.0351526602024252,"*"
"13","CrossesMnPn",4.10020171518704,1.66340717974632,2.46494169624322,0.0146258644149445,"F2","Glycogen","female","Both",0.0864849753297337,".",0.0921783436116284,"."
"14","CrossesMnPc",6.04444392826524,1.67039089591019,3.61858050296165,0.000383161436436856,"F2","Glycogen","female","Maternal",0.00696850544103414,"**",0.005305312196818,"**"
"15","CrossesMcPn",1.88884356196204,1.71096374186187,1.1039646929669,0.271057950169596,"F2","Glycogen","female","Paternal",0.536134777790422," ",0.637363022548054," "
"16","CrossesMnPn",-5.86413041772561,1.83681752712556,-3.19254924951767,0.00160637394095486,"F3","Glycogen","female","Both",0.0159031020154531,"*",0.0160637394095486,"*"
"17","CrossesMnPc",-1.62710115392829,1.84407705137152,-0.882339028468547,0.378510730684422,"F3","Glycogen","female","Maternal",0.646078660995823," ",0.740564473078216," "
"18","CrossesMcPn",-1.56621206245569,1.85589113982686,-0.843913755955435,0.399590681105766,"F3","Glycogen","female","Paternal",0.648516023433948," ",0.749232527073311," "
"19","CrossesMnPn",-1.24417115150449,1.54587849861952,-0.804831138162246,0.4219615259974,"F1","Trehalose","female","Both",0.652721735527228," ",0.751084318831976," "
"20","CrossesMnPc",-2.01606157169554,1.56931184388039,-1.28467874601041,0.200528344688116,"F1","Trehalose","female","Maternal",0.484202588393256," ",0.546895485513044," "
"21","CrossesMcPn",-1.27214333737049,1.53899222423128,-0.82660803436218,0.409535723968331,"F1","Trehalose","female","Paternal",0.652721735527228," ",0.751084318831976," "
"22","CrossesMnPn",0.115825891128859,1.14121209544674,0.101493746509511,0.919269638707486,"F2","Trehalose","female","Both",0.997854907033459," ",0.999818594883818," "
"23","CrossesMnPc",-1.05780105603834,1.14600340659076,-0.923034826907871,0.357204451424382,"F2","Trehalose","female","Maternal",0.646078660995823," ",0.7306454688226," "
"24","CrossesMcPn",-1.77350525769036,1.17383917831914,-1.51085880455098,0.132549240698688,"F2","Trehalose","female","Paternal",0.390184853780795," ",0.408822342944438," "
"25","CrossesMnPn",0.0527884287130687,1.27393137580251,0.04143741940559,0.966982974890608,"F3","Trehalose","female","Both",0.997854907033459," ",0.999818594883818," "
"26","CrossesMnPc",-1.5746517549828,1.27896624484843,-1.23119101956394,0.21950344878782,"F3","Trehalose","female","Maternal",0.493882759772595," ",0.572617692489965," "
"27","CrossesMcPn",0.184398773488572,1.28715994821716,0.143260185918605,0.886209586343435,"F3","Trehalose","female","Paternal",0.98578369716854," ",0.999818594883818," "
"28","CrossesMnPn",1.05355265492632,0.598510914326012,1.76028979540455,0.0800292761494425,"F1","Glucose","female","Both",0.281968942569686," ",0.300109785560409," "
"29","CrossesMnPc",-0.815486957161883,0.607583498562304,-1.34218088393041,0.181200134840763,"F1","Glucose","female","Maternal",0.471636384573384," ",0.517714670973608," "
"30","CrossesMcPn",-0.364279070232251,0.595844786047439,-0.611365709262493,0.541716197737389,"F1","Glucose","female","Paternal",0.74485977188891," ",0.846027831373615," "
"31","CrossesMnPn",0.975556298494869,0.523731660225216,1.86270254900259,0.0641068688343482,"F2","Glucose","female","Both",0.242128591300761," ",0.250852965003971," "
"32","CrossesMnPc",1.29340937694004,0.52593051646774,2.45927805373768,0.0148509553596512,"F2","Glucose","female","Maternal",0.0864849753297337,".",0.0921783436116284,"."
"33","CrossesMcPn",0.674293629976106,0.538705069943923,1.25169349166567,0.212279142985252,"F2","Glucose","female","Paternal",0.493882759772595," ",0.570302175184259," "
"34","CrossesMnPn",-0.83412543513995,0.419231723292607,-1.98965247331191,0.0478085280622815,"F3","Glucose","female","Both",0.215138376280267," ",0.220654744902838," "
"35","CrossesMnPc",0.122393223718446,0.420888623237743,0.290797177592778,0.771467358720651,"F3","Glucose","female","Maternal",0.920183957992102," ",0.999818594883818," "
"36","CrossesMcPn",-0.705275327738127,0.423585048216881,-1.66501468998268,0.0972654953377072,"F3","Glucose","female","Paternal",0.310622065755904," ",0.33431866308824," "
"37","CrossesMnPn",48.4400000000002,36.3482122439789,1.33266526768519,0.185796151498606,"F1","Fitness","female","Both",0.471636384573384," ",0.522551676089829," "
"38","CrossesMnPc",47.7600000000002,36.3482122439789,1.31395733246583,0.191991747186258,"F1","Fitness","female","Maternal",0.475179574285989," ",0.531669453746561," "
"39","CrossesMcPn",63.7600000000001,36.3482122439788,1.75414404350965,0.0825969629749585,"F1","Fitness","female","Paternal",0.281968942569686," ",0.303417415010052," "
"40","CrossesMnPn",10.2,46.0847125773107,0.221331531207636,0.825304401671259,"F2","Fitness","female","Both",0.96123689135829," ",0.999818594883818," "
"41","CrossesMnPc",43.9199999999998,46.0847125773107,0.953027534376407,0.342969593802469,"F2","Fitness","female","Maternal",0.640641316725367," ",0.7262885515817," "
"42","CrossesMcPn",-13.7200000000001,46.0847125773106,-0.297712608644,0.766565841412259,"F2","Fitness","female","Paternal",0.920183957992102," ",0.999818594883818," "
"43","CrossesMnPn",-32.8800000000001,37.0443409983226,-0.887584962072585,0.376982395819255,"F3","Fitness","female","Both",0.646078660995823," ",0.740564473078216," "
"44","CrossesMnPc",-27.68,37.0443409983226,-0.747212644469864,0.456761486840039,"F3","Fitness","female","Maternal",0.667921066130077," ",0.763825774088633," "
"45","CrossesMcPn",-8.87999999999998,37.0443409983225,-0.239712726983106,0.811064048716736,"F3","Fitness","female","Paternal",0.95589691455901," ",0.999818594883818," "
"46","CrossesMnPn",0.0562500000000002,0.0416992173578938,1.34894618086524,0.179012001658895,"F1","Weight","female","Both",0.471636384573384," ",0.517714670973608," "
"47","CrossesMnPc",0.114166666666667,0.0416992173578938,2.7378611374598,0.00679130897913005,"F1","Weight","female","Maternal",0.0517184299179904,".",0.0531493746192786,"."
"48","CrossesMcPn",0.0170833333333333,0.0416992173578937,0.409679951225736,0.682517283371656,"F1","Weight","female","Paternal",0.83418779078758," ",0.959789929741392," "
"49","CrossesMnPn",0.0433333333333333,0.0474382027135391,0.913469120974218,0.362191256641499,"F2","Weight","female","Both",0.646078660995823," ",0.732521642645729," "
"50","CrossesMnPc",0.0733333333333334,0.047438202713539,1.54587082011022,0.123853952608473,"F2","Weight","female","Maternal",0.383173165882464," ",0.39346610544674," "
"51","CrossesMcPn",0.16125,0.047438202713539,3.39915913285599,0.000828730343445808,"F2","Weight","female","Paternal",0.0102555380001419,"*",0.00932321636376534,"**"
"52","CrossesMnPn",0.0562500000000002,0.0416992173578938,1.34894618086524,0.179012001658895,"F3","Weight","female","Both",0.471636384573384," ",0.517714670973608," "
"53","CrossesMnPc",0.114166666666667,0.0416992173578938,2.7378611374598,0.00679130897913005,"F3","Weight","female","Maternal",0.0517184299179904,".",0.0531493746192786,"."
"54","CrossesMcPn",0.0170833333333333,0.0416992173578937,0.409679951225736,0.682517283371656,"F3","Weight","female","Paternal",0.83418779078758," ",0.959789929741392," "
"55","CrossesMnPn",-7.43578221298434,3.61448038750043,-2.05722024075679,0.0410835557763951,"F1","TAG","male","Both",0.19367962008872," ",0.200358747611138," "
"56","CrossesMnPc",12.8809325680677,3.61971827365104,3.55854560887562,0.000475058457093251,"F1","TAG","male","Maternal",0.00696850544103414,"**",0.00591267128330169,"**"
"57","CrossesMcPn",32.7376202037135,3.61530537282527,9.05528491446075,2.02907661903659e-16,"F1","TAG","male","Paternal",2.00878585284622e-14,"***",1.82616895713293e-14,"***"
"58","CrossesMnPn",-0.239971273097954,3.24216955210268,-0.0740156457710001,0.941078777642593,"F2","TAG","male","Both",0.997854907033459," ",0.999818594883818," "
"59","CrossesMnPc",6.2041528192288,3.24083889423433,1.91436631739591,0.0571334721959857,"F2","TAG","male","Maternal",0.242128591300761," ",0.244857737982796," "
"60","CrossesMcPn",6.04031794053548,3.26636555597688,1.84924737817013,0.0660350703547531,"F2","TAG","male","Paternal",0.242128591300761," ",0.252900269443735," "
"61","CrossesMnPn",2.92006242038741,2.67527802224443,1.09149867643947,0.276190643104157,"F3","TAG","male","Both",0.536134777790422," ",0.637363022548054," "
"62","CrossesMnPc",1.24882528924403,2.6596946484828,0.469537091393712,0.639128678944401,"F3","TAG","male","Maternal",0.811201784814047," ",0.927767437177356," "
"63","CrossesMcPn",2.59373846947358,2.65999037248739,0.975093179396791,0.330534043163776,"F3","TAG","male","Paternal",0.629285966792573," ",0.708287235350948," "
"64","CrossesMnPn",-5.13447637279991,1.91074542355815,-2.68715879650706,0.00787034565065763,"F1","Glycogen","male","Both",0.0556545871010789,".",0.0590275923799322,"."
"65","CrossesMnPc",0.293109832131932,1.91791693377976,0.152827177741365,0.87870294108023,"F1","Glycogen","male","Maternal",0.98578369716854," ",0.999818594883818," "
"66","CrossesMcPn",5.08613345933205,1.91697468366384,2.6532084657535,0.00867419946121264,"F1","Glycogen","male","Paternal",0.0572497164440034,".",0.062454236120731,"."
"67","CrossesMnPn",-1.29070735812503,1.66298639079182,-0.77613825661584,0.438669294239721,"F2","Glycogen","male","Both",0.667921066130077," ",0.763825774088633," "
"68","CrossesMnPc",-1.49150272468539,1.66125628776533,-0.897816150144847,0.370463258342374,"F2","Glycogen","male","Maternal",0.646078660995823," ",0.740564473078216," "
"69","CrossesMcPn",5.52054945358846,1.66145092740705,3.32272796176059,0.00107646977952531,"F2","Glycogen","male","Paternal",0.0118411675747784,"*",0.0113979153126209,"*"
"70","CrossesMnPn",-2.04232950995587,1.84365371337959,-1.10776199192639,0.269116730115287,"F3","Glycogen","male","Both",0.536134777790422," ",0.637363022548054," "
"71","CrossesMnPc",-0.0525930610024102,1.83747324799385,-0.0286224907273242,0.977190386931277,"F3","Glycogen","male","Maternal",0.997854907033459," ",0.999818594883818," "
"72","CrossesMcPn",-0.762130917756635,1.84331027923885,-0.41345774845423,0.679654841764728,"F3","Glycogen","male","Paternal",0.83418779078758," ",0.959789929741392," "
"73","CrossesMnPn",-2.3154385373731,1.53831751045115,-1.50517596116685,0.134002879076233,"F1","Trehalose","male","Both",0.390184853780795," ",0.408822342944438," "
"74","CrossesMnPc",0.879593426253303,1.54409120464099,0.569651212058948,0.569612891697581,"F1","Trehalose","male","Maternal",0.754091043131303," ",0.861170838136425," "
"75","CrossesMcPn",0.00415488888020433,1.54333261072541,0.00269215388266267,0.997854907033459,"F1","Trehalose","male","Paternal",0.997854907033459," ",0.999818594883818," "
"76","CrossesMnPn",5.87512119228167,1.14092340519076,5.1494440078555,6.71119791786169e-07,"F2","Trehalose","male","Both",3.32204296934154e-05,"***",2.01335937535851e-05,"***"
"77","CrossesMnPc",4.04409769804577,1.13973643514264,3.54827447236927,0.000492722606941808,"F2","Trehalose","male","Maternal",0.00696850544103414,"**",0.00591267128330169,"**"
"78","CrossesMcPn",4.44696028050052,1.13986997136641,3.90128733294883,0.000134294569253309,"F2","Trehalose","male","Paternal",0.00332379058901939,"**",0.00201441853879963,"**"
"79","CrossesMnPn",0.787692314538238,1.27867263726764,0.61602343835357,0.538485579007515,"F3","Trehalose","male","Both",0.74485977188891," ",0.846027831373615," "
"80","CrossesMnPc",0.260204499080892,1.27438615335964,0.204180262312895,0.83839240761911,"F3","Trehalose","male","Maternal",0.965126143654558," ",0.999818594883818," "
"81","CrossesMcPn",0.0376457058057693,1.27843444728908,0.0294467235966593,0.976533733654921,"F3","Trehalose","male","Paternal",0.997854907033459," ",0.999818594883818," "
"82","CrossesMnPn",-1.00601786736239,0.595583560109038,-1.68912967842533,0.0928976393075237,"F1","Glucose","male","Both",0.306562209714828," ",0.33431866308824," "
"83","CrossesMnPc",-0.0947781230714031,0.597818935652259,-0.1585398478019,0.874206241807272,"F1","Glucose","male","Maternal",0.98578369716854," ",0.999818594883818," "
"84","CrossesMcPn",0.48378734289954,0.59752523421426,0.809651735521623,0.419191872712826,"F1","Glucose","male","Paternal",0.652721735527228," ",0.751084318831976," "
"85","CrossesMnPn",-1.15982034693112,0.523599172821993,-2.21509201529128,0.0279877112327513,"F2","Glucose","male","Both",0.138539170602119," ",0.157430875684226," "
"86","CrossesMnPc",-0.390036907394386,0.523054441657276,-0.745690842732489,0.456810931013975,"F2","Glucose","male","Maternal",0.667921066130077," ",0.763825774088633," "
"87","CrossesMcPn",0.382563588221498,0.523115724874003,0.73131731666763,0.465520743060357,"F2","Glucose","male","Paternal",0.667921066130077," ",0.763825774088633," "
"88","CrossesMnPn",0.233868378380433,0.420792001383219,0.555781425530108,0.578898174525041,"F3","Glucose","male","Both",0.754091043131303," ",0.861170838136425," "
"89","CrossesMnPc",0.603631477389444,0.41938138377088,1.4393377978819,0.151408526079103,"F3","Glucose","male","Maternal",0.428269830909464," ",0.45422557823731," "
"90","CrossesMcPn",-0.00468010384568691,0.420713616631041,-0.0111242034026944,0.991133954155504,"F3","Glucose","male","Paternal",0.997854907033459," ",0.999818594883818," "
"91","CrossesMnPn",0.00333333333333325,0.0416992173578938,0.0799375514586785,0.936373798353889,"F1","Weight","male","Both",0.997854907033459," ",0.999818594883818," "
"92","CrossesMnPc",-0.0491666666666647,0.0416992173578938,-1.17907888401549,0.239889153055896,"F1","Weight","male","Maternal",0.516283177228994," ",0.597466995501775," "
"93","CrossesMcPn",-0.0458333333333335,0.0416992173578938,-1.09914133255686,0.273142494377203,"F1","Weight","male","Paternal",0.536134777790422," ",0.637363022548054," "
"94","CrossesMnPn",0.0408333333333333,0.0474382027135391,0.860768979379552,0.390485532869654,"F2","Weight","male","Both",0.648516023433948," ",0.745066025892164," "
"95","CrossesMnPc",0.0283333333333355,0.047438202713539,0.597268271406266,0.551062559855788,"F2","Weight","male","Maternal",0.747331416790727," ",0.84778855362429," "
"96","CrossesMcPn",-0.0300000000000001,0.047438202713539,-0.632401699136,0.527909478945505,"F2","Weight","male","Paternal",0.74485977188891," ",0.840917754072485," "
"97","CrossesMnPn",0.00333333333333325,0.0416992173578938,0.0799375514586785,0.936373798353889,"F3","Weight","male","Both",0.997854907033459," ",0.999818594883818," "
"98","CrossesMnPc",-0.0491666666666647,0.0416992173578938,-1.17907888401549,0.239889153055896,"F3","Weight","male","Maternal",0.516283177228994," ",0.597466995501775," "
"99","CrossesMcPn",-0.0458333333333335,0.0416992173578938,-1.09914133255686,0.273142494377203,"F3","Weight","male","Paternal",0.536134777790422," ",0.637363022548054," "
"100","Both vs Maternal NSD",15.700574228021,3.80467441099371,4.12665382947193,0.000117638327960523,"F1","TAG","female","NA",0.00127715201396901,"**",0.00201441853879963,"**"
"101","Both vs Paternal NSD",17.0469628306373,3.70871317615585,4.59646298350492,1.51465434822251e-05,"F1","TAG","female","NA",0.000245374004412047,"***",0.000389482546685788,"***"
"102","Maternal vs Paternal NSD",1.34638860261629,3.63055257821537,0.370849498419361,0.92697366966429,"F1","TAG","female","NA",0.999818594883818," ",0.999818594883818," "
"103","Both vs Maternal NSD",6.28965197739837,1.92070223295455,3.27466270902556,0.0029911336240146,"F1","Glycogen","female","NA",0.0269202026161314,"*",0.0283370553854014,"*"
"104","Both vs Paternal NSD",3.94406928626776,1.91528739492396,2.05925716251286,0.0984382730204263,"F1","Glycogen","female","NA",0.362431823393388," ",0.33431866308824," "
"105","Maternal vs Paternal NSD",-2.3455826911306,1.93865166242835,-1.20990414966686,0.447247173161563,"F1","Glycogen","female","NA",0.908407081326839," ",0.763825774088633," "
"106","Both vs Maternal NSD",0.771890420191049,1.54633361456101,0.49917457198276,0.871702332316935,"F1","Trehalose","female","NA",0.999818594883818," ",0.999818594883818," "
"107","Both vs Paternal NSD",0.0279721858660016,1.54197419542752,0.0181405019285982,0.999818594883818,"F1","Trehalose","female","NA",0.999818594883818," ",0.999818594883818," "
"108","Maternal vs Paternal NSD",-0.743918234325047,1.56078447825103,-0.476630979287199,0.882328421267814,"F1","Trehalose","female","NA",0.999818594883818," ",0.999818594883818," "
"109","Both vs Maternal NSD",1.86903961208821,0.598687119544281,3.12189714973476,0.00521825227114525,"F1","Glucose","female","NA",0.0422678433962765,"*",0.0447278766098164,"*"
"110","Both vs Paternal NSD",1.41783172515858,0.596999302594987,2.37493028718067,0.0463153030879619,"F1","Glucose","female","NA",0.220678797066172," ",0.219388277785083," "
"111","Maternal vs Paternal NSD",-0.451207886929632,0.604281996274655,-0.746684312475448,0.735631597108531,"F1","Glucose","female","NA",0.999818594883818," ",0.999818594883818," "
"112","Both vs Maternal NSD",0.679999999999957,36.3482122439788,0.0187079352193615,0.999807062889968,"F1","Fitness","female","NA",0.999818594883818," ",0.999818594883818," "
"113","Both vs Paternal NSD",-15.32,36.3482122439788,-0.421478775824463,0.906737011173257,"F1","Fitness","female","NA",0.999818594883818," ",0.999818594883818," "
"114","Maternal vs Paternal NSD",-15.9999999999999,36.3482122439788,-0.440186711043825,0.898718557291588,"F1","Fitness","female","NA",0.999818594883818," ",0.999818594883818," "
"115","Both vs Maternal NSD",-20.3167147810521,3.61508094693083,-5.61998889632078,4.74561527852302e-08,"F1","TAG","male","NA",1.92197418780182e-06,"***",2.84736916711381e-06,"***"
"116","Both vs Paternal NSD",-40.1734024166979,3.62012413568984,-11.0972444344212,0,"F1","TAG","male","NA",0,"***",0,"***"
"117","Maternal vs Paternal NSD",-19.8566876356458,3.62948872818974,-5.47093244330025,1.23771448090615e-07,"F1","TAG","male","NA",3.3418290984466e-06,"***",5.56971516407767e-06,"***"
"118","Both vs Maternal NSD",-5.42758620493184,1.91892479419589,-2.82845175660269,0.0128871296179478,"F1","Glycogen","male","NA",0.0869881249211477,".",0.0859141974529853,"."
"119","Both vs Paternal NSD",-10.220609832132,1.91791693377976,-5.32901589850899,2.89266516184661e-07,"F1","Glycogen","male","NA",5.85764695273938e-06,"***",1.04135945826478e-05,"***"
"120","Maternal vs Paternal NSD",-4.79302362720012,1.91074542355815,-2.5084574680151,0.0324379451749339,"F1","Glycogen","male","NA",0.188543899956567," ",0.17693424640873," "
"121","Both vs Maternal NSD",-3.19503196362641,1.54490262059788,-2.06811220398469,0.0965256046464562,"F1","Trehalose","male","NA",0.362431823393388," ",0.33431866308824," "
"122","Both vs Paternal NSD",-2.31959342625331,1.54409120464099,-1.50223861082909,0.289863323890328,"F1","Trehalose","male","NA",0.794861349672477," ",0.652192478753238," "
"123","Maternal vs Paternal NSD",0.875438537373099,1.53831751045115,0.56908832632111,0.836579619131113,"F1","Trehalose","male","NA",0.999818594883818," ",0.999818594883818," "
"124","Both vs Maternal NSD",-0.911239744290987,0.598133087965453,-1.52347322464732,0.279811619903594,"F1","Glucose","male","NA",0.794861349672477," ",0.637545463071481," "
"125","Both vs Paternal NSD",-1.48980521026193,0.59781893565226,-2.4920676168219,0.0340627280144066,"F1","Glucose","male","NA",0.188543899956567," ",0.179565619006254," "
"126","Maternal vs Paternal NSD",-0.578565465970943,0.595583560109038,-0.971426185546526,0.594959816655652,"F1","Glucose","male","NA",0.999818594883818," ",0.877809565557519," "
"127","Both vs Maternal NSD",-3.90760164082733,3.24298352658099,-1.20494033003832,0.450206716593192,"F2","TAG","female","NA",0.908407081326839," ",0.763825774088633," "
"128","Both vs Paternal NSD",-2.31406057434479,3.21534525125368,-0.719692721471365,0.751819637811838,"F2","TAG","female","NA",0.999818594883818," ",0.999818594883818," "
"129","Maternal vs Paternal NSD",1.59354106648255,3.25302224960608,0.489864791633538,0.876131855351945,"F2","TAG","female","NA",0.999818594883818," ",0.999818594883818," "
"130","Both vs Maternal NSD",-1.94424221307821,1.66145092740705,-1.17020742593493,0.471025894021324,"F2","Glycogen","female","NA",0.908407081326839," ",0.763825774088633," "
"131","Both vs Paternal NSD",2.211358153225,1.68728336936608,1.31060270810102,0.389204182261345,"F2","Glycogen","female","NA",0.900729678947685," ",0.745066025892164," "
"132","Maternal vs Paternal NSD",4.15560036630321,1.6750667270654,2.48085661255031,0.0349155370289939,"F2","Glycogen","female","NA",0.188543899956567," ",0.179565619006254," "
"133","Both vs Maternal NSD",1.1736269471672,1.13986997136641,1.029614760147,0.558101278671648,"F2","Trehalose","female","NA",0.999818594883818," ",0.85134093356692," "
"134","Both vs Paternal NSD",1.88933114881922,1.15759280891186,1.63212066822978,0.232054849901993,"F2","Trehalose","female","NA",0.722940109310054," ",0.596712471176552," "
"135","Maternal vs Paternal NSD",0.71570420165202,1.14921134938166,0.622778570745151,0.807618281771146,"F2","Trehalose","female","NA",0.999818594883818," ",0.999818594883818," "
"136","Both vs Maternal NSD",-0.317853078445168,0.523115724874003,-0.607615224187201,0.815950162788771,"F2","Glucose","female","NA",0.999818594883818," ",0.999818594883818," "
"137","Both vs Paternal NSD",0.301262668518763,0.531249192060878,0.567083532588676,0.837622873089552,"F2","Glucose","female","NA",0.999818594883818," ",0.999818594883818," "
"138","Maternal vs Paternal NSD",0.61911574696393,0.527402724141045,1.17389561832896,0.468782616675763,"F2","Glucose","female","NA",0.908407081326839," ",0.763825774088633," "
"139","Both vs Maternal NSD",-33.7199999999998,46.0847125773106,-0.731696003168772,0.744646604965569,"F2","Fitness","female","NA",0.999818594883818," ",0.999818594883818," "
"140","Both vs Paternal NSD",23.9200000000001,46.0847125773106,0.519044139851636,0.862049594116754,"F2","Fitness","female","NA",0.999818594883818," ",0.999818594883818," "
"141","Maternal vs Paternal NSD",57.6399999999999,46.0847125773106,1.25074014302041,0.423299267079893,"F2","Fitness","female","NA",0.907230795641781," ",0.751084318831976," "
"142","Both vs Maternal NSD",-6.44412409232675,3.21459220127616,-2.00464746034302,0.111074472379066,"F2","TAG","male","NA",0.391175315769755," ",0.370248241263554," "
"143","Both vs Paternal NSD",-6.28028921363344,3.2184195405932,-1.95135815403231,0.124597600058134,"F2","TAG","male","NA",0.403696224188355," ",0.39346610544674," "
"144","Maternal vs Paternal NSD",0.163834878693311,3.21894161178014,0.0508971265877382,0.998572773259154,"F2","TAG","male","NA",0.999818594883818," ",0.999818594883818," "
"145","Both vs Maternal NSD",0.200795366560359,1.65996135362733,0.120963880346722,0.991965668299949,"F2","Glycogen","male","NA",0.999818594883818," ",0.999818594883818," "
"146","Both vs Paternal NSD",-6.81125681171349,1.6696730885508,-4.07939545676294,0.000126138470515458,"F2","Glycogen","male","NA",0.00127715201396901,"**",0.00201441853879963,"**"
"147","Maternal vs Paternal NSD",-7.01205217827385,1.66645368256413,-4.20776901970933,8.09784575630523e-05,"F2","Glycogen","male","NA",0.00109320917710121,"**",0.00161956915126105,"**"
"148","Both vs Maternal NSD",1.8310234942359,1.13884802097737,1.6077856399702,0.242306059286831,"F2","Trehalose","male","NA",0.726918177860492," ",0.597466995501775," "
"149","Both vs Paternal NSD",1.42816091178115,1.14551094121566,1.2467457624329,0.425614447338119,"F2","Trehalose","male","NA",0.907230795641781," ",0.751084318831976," "
"150","Maternal vs Paternal NSD",-0.40286258245475,1.14330220657937,-0.35236753689129,0.933855083676259,"F2","Trehalose","male","NA",0.999818594883818," ",0.999818594883818," "
"151","Both vs Maternal NSD",-0.76978343953673,0.522646725486374,-1.47285614163252,0.304065605746545,"F2","Glucose","male","NA",0.794861349672477," ",0.667769697556824," "
"152","Both vs Paternal NSD",-1.54238393515261,0.525704511407385,-2.93393703436829,0.00941513053717835,"F2","Glucose","male","NA",0.0693295975919497,".",0.0651816729496963,"."
"153","Maternal vs Paternal NSD",-0.772600495615884,0.524690866123854,-1.47248703093206,0.304206195553664,"F2","Glucose","male","NA",0.794861349672477," ",0.667769697556824," "
"154","Both vs Maternal NSD",3.67260970224402,2.66209010651444,1.37959631541274,0.351587410857834,"F3","TAG","female","NA",0.838510956640934," ",0.728208749062369," "
"155","Both vs Paternal NSD",-2.79781530498616,2.66429809292271,-1.05011346606377,0.545217935774107,"F3","TAG","female","NA",0.999818594883818," ",0.846027831373615," "
"156","Maternal vs Paternal NSD",-6.47042500723018,2.67582300252608,-2.41810650447427,0.0411848536756229,"F3","TAG","female","NA",0.208498321732841," ",0.200358747611138," "
"157","Both vs Maternal NSD",-4.23702926379732,1.84695751896318,-2.29405886182799,0.0565583566976557,"F3","Glycogen","female","NA",0.241117204868953," ",0.244857737982796," "
"158","Both vs Paternal NSD",-4.29791835526992,1.86034916129863,-2.31027510570635,0.0543855773188839,"F3","Glycogen","female","NA",0.241117204868953," ",0.244735097934978," "
"159","Maternal vs Paternal NSD",-0.0608890914725972,1.83935317342737,-0.033103534629589,0.999395968557938,"F3","Glycogen","female","NA",0.999818594883818," ",0.999818594883818," "
"160","Both vs Maternal NSD",1.62744018369587,1.28096400346505,1.27048080921367,0.411905017471524,"F3","Trehalose","female","NA",0.907230795641781," ",0.751084318831976," "
"161","Both vs Paternal NSD",-0.131610344775503,1.29025182497847,-0.102003610634458,0.99427979196737,"F3","Trehalose","female","NA",0.999818594883818," ",0.999818594883818," "
"162","Maternal vs Paternal NSD",-1.75905052847137,1.27568998237834,-1.37890126344951,0.351967562046812,"F3","Trehalose","female","NA",0.838510956640934," ",0.728208749062369," "
"163","Both vs Maternal NSD",-0.956518658858395,0.421546055657949,-2.26907272887528,0.0601184450478565,"F3","Glucose","female","NA",0.243479702443819," ",0.250852965003971," "
"164","Both vs Paternal NSD",-0.128850107401823,0.424602538520891,-0.303460520633423,0.950505278536293,"F3","Glucose","female","NA",0.999818594883818," ",0.999818594883818," "
"165","Maternal vs Paternal NSD",0.827668551456573,0.419810454360374,1.97152915764715,0.119231156041614,"F3","Glucose","female","NA",0.402405151640447," ",0.390211056136191," "
"166","Both vs Maternal NSD",-5.20000000000004,37.0443409983225,-0.140372317602721,0.989196178881831,"F3","Fitness","female","NA",0.999818594883818," ",0.999818594883818," "
"167","Both vs Paternal NSD",-24.0000000000001,37.0443409983225,-0.64787223508948,0.793574858739645,"F3","Fitness","female","NA",0.999818594883818," ",0.999818594883818," "
"168","Maternal vs Paternal NSD",-18.8000000000001,37.0443409983225,-0.50749991748676,0.867694919915112,"F3","Fitness","female","NA",0.999818594883818," ",0.999818594883818," "
"169","Both vs Maternal NSD",1.67123713114338,2.66878667810664,0.626216079708937,0.805713349029234,"F3","TAG","male","NA",0.999818594883818," ",0.999818594883818," "
"170","Both vs Paternal NSD",0.326323950913829,2.66786201381791,0.122316652519384,0.991785552045956,"F3","TAG","male","NA",0.999818594883818," ",0.999818594883818," "
"171","Maternal vs Paternal NSD",-1.34491318022955,2.65889830499067,-0.505815953060404,0.868506022682084,"F3","TAG","male","NA",0.999818594883818," ",0.999818594883818," "
"172","Both vs Maternal NSD",-1.98973644895346,1.83953033178561,-1.08165460203206,0.525464869669574,"F3","Glycogen","male","NA",0.9898291730985," ",0.840917754072485," "
"173","Both vs Paternal NSD",-1.28019859219924,1.83658646510835,-0.697053265131032,0.765202408454992,"F3","Glycogen","male","NA",0.999818594883818," ",0.999818594883818," "
"174","Maternal vs Paternal NSD",0.709537856754225,1.83930973955882,0.385763116180974,0.921250021505665,"F3","Glycogen","male","NA",0.999818594883818," ",0.999818594883818," "
"175","Both vs Maternal NSD",0.527487815457346,1.27581285119231,0.413452345274921,0.91008865934717,"F3","Trehalose","male","NA",0.999818594883818," ",0.999818594883818," "
"176","Both vs Paternal NSD",0.750046608732469,1.27377112191276,0.58883938866989,0.826112750200296,"F3","Trehalose","male","NA",0.999818594883818," ",0.999818594883818," "
"177","Maternal vs Paternal NSD",0.222558793275123,1.27565985866322,0.174465624017005,0.98335938598999,"F3","Trehalose","male","NA",0.999818594883818," ",0.999818594883818," "
"178","Both vs Maternal NSD",-0.369763099009011,0.419850888645611,-0.880701003639228,0.652529756756806,"F3","Glucose","male","NA",0.999818594883818," ",0.939642849729801," "
"179","Both vs Paternal NSD",0.23854848222612,0.419178986139225,0.569085021229783,0.836577618303302,"F3","Glucose","male","NA",0.999818594883818," ",0.999818594883818," "
"180","Maternal vs Paternal NSD",0.608311581235131,0.419800541097193,1.44904906421808,0.315778380793459,"F3","Glucose","male","NA",0.799314026383443," ",0.684820584853284," "
